ISO3,Year,Region,country,iso3c,LandArea,ArablePercent,Population,PopGrowth,RuralPopulation,UrbanPopulation,BirthRatePer1K,FertilityRate,PrimarySchoolAge,LifeExpectancy,AgeDepRatioOld,CO2Emissions,GDP,GDPPerCapita,GDPPerCapGrowth,GNIPerCapita,AdjNetNatlIncome,Inflation,Unemployment,TotalTrade,Exports,Imports,FDIIn,AgriEmployment,MobileCellSubscriptions,NaturalResourceRents,MilitaryExpenditures,GovtExpenditures,PublicEdExpend,WomenBusLawIndex,PaidParentalLeave
AFG,2018,South Asia,Afghanistan,AFG,652230,11.9497723195805,36686784,2.88520797304849,74.505,25.495,36.927,5.002,7,63.081,4.55160703424134,0.165454681763912,21241130983.2911,578.985909020837,-1.68857659267114,NA,NA,0.626149149168811,11.1520004272461,NA,NA,NA,0.648439597159199,43.1300010681152,59.90264778,0.891281199402031,1.00674629248273,NA,3.19979000091553,38.125,0
ALB,2018,Europe & Central Asia,Albania,ALB,27400,22.311897810219,2866376,-0.246732042281782,39.681,60.319,10.517,1.44,6,79.184,21.8173449701801,1.78273894754715,12702457551.4349,4431.53918098494,4.27632565399514,4427.83551023927,10283960047.1199,2.02805963071136,12.3000001907349,76.8081181330347,31.5719272134517,45.236190919583,7.94635135089316,37.2900009155273,94.36446759,1.86823588394589,1.16054478505068,11.2865596118116,3.15490126609802,91.25,0
DZA,2018,Middle East & North Africa,Algeria,DZA,2381741,3.15106344476582,41927007,1.9033254281097,27.371,72.629,24.074,3.023,6,76.066,8.84321884071998,3.9482902580223,175599602941.537,4188.22175743517,-0.707950481173555,4074.86547313416,149033267698.922,4.26999020467078,10.4200000762939,58.065491770819,25.8611508241538,32.2043409466652,0.838207480046885,9.88000011444092,112.4675177,18.4817244457533,5.46782435628871,17.2579295270401,5.8663501739502,57.5,0
ASM,2018,East Asia & Pacific,American Samoa,ASM,200,15.95,48424,-2.12293567392473,12.847,87.153,NA,NA,6,NA,8.95293478608173,NA,631900763.358779,13049.3301536176,4.87406112450759,NA,NA,NA,NA,171.830985915493,68.2316118935837,103.599374021909,NA,NA,NA,0,NA,NA,NA,NA,NA
AND,2018,Europe & Central Asia,Andorra,AND,470,1.76595744680851,75013,1.58014708656145,11.938,88.062,7.2,NA,6,NA,18.6612650768806,6.53220121227978,2949506390.20052,39319.9364136952,-0.00387029555736262,NA,NA,NA,NA,NA,NA,NA,NA,NA,110.1329103,0,NA,NA,3.2467200756073,NA,NA
AGO,2018,Sub-Saharan Africa,Angola,AGO,1246700,3.93037619314992,31273533,3.46445698360985,34.486,65.514,40.236,5.519,6,62.144,4.9321872544942,0.766143022103473,83724808772.3459,2677.17781589774,-4.67662168598582,2436.21136720798,86958582012.629,19.6305943641961,7.4210000038147,66.3780133263399,40.8362898299819,25.541723496358,-8.29905135606258,50.9099998474121,42.49094914,27.5331192785728,1.87177586619642,10.4745435629873,2.04469990730286,73.125,0
ATG,2018,Latin America & Caribbean,Antigua and Barbuda,ATG,440,9.09090909090909,91626,0.554872965946274,75.401,24.599,10.816,1.371,5,78.511,12.7717349615697,5.56610558644115,1554626242.87881,16967.0862296598,6.29221473809653,NA,NA,1.20715793367003,NA,135.064152858016,64.5248555713149,70.539297286701,12.7554180936599,NA,NA,0,NA,15.2422043103746,2.64407992362976,66.25,0
ARG,2018,Latin America & Caribbean,Argentina,ARG,2736690,11.9241710606609,44494502,1.01580834908002,8.13,91.87,15.187,2.039,6,76.999,17.8092816371001,3.97577197057929,583118120294.002,13105.397163317,-3.60160975657155,12619.2035743605,493293867978.207,NA,9.22000026702881,30.7625359549926,14.4366857499034,16.3258502050892,2.232532212602,0.100000001490116,131.9371685,2.1012769363927,0.745498854953045,15.8050971558947,4.87773990631104,76.25,0
ARM,2018,Europe & Central Asia,Armenia,ARM,28470,15.6515630488233,2836557,-0.54025108197947,36.851,63.149,13.307,1.572,6,75.064,17.0312837756074,2.01300380642694,11958639113.6524,4215.89945615491,5.76988214903176,4290.80333528831,10720164677.356,2.52023382001631,18.9699993133545,92.473107021212,39.3928940286073,53.0802129926047,2.1420476257108,25.7800006866455,126.1831509,1.09329824684405,4.11988615256896,11.4866903221706,2.25587010383606,85,1
ABW,2018,Latin America & Caribbean,Aruba,ABW,180,11.1111111111111,105962,0.494795263046989,56.589,43.411,9.881,1.587,6,76.072,19.9201591292096,NA,3359554779.02582,31705.2790531117,4.73833114017752,NA,NA,3.62604141352956,NA,148.429867411026,73.7962316817865,74.6336357292394,4.24457258198044,NA,NA,0.00187491277347098,NA,23.5519888346127,NA,NA,NA
AUS,2018,East Asia & Pacific,Australia,AUS,7692020,4.02677060122049,24966643,1.50299298221362,13.988,86.012,12.6,1.74,5,82.7487804878049,23.9032463251311,15.5034862846486,1460075108728.85,58481.0344237649,1.34828275238704,57284.8382717997,NA,1.91140094445692,5.30000019073486,43.3895481199478,21.8734041196439,21.5161440003039,4.29357395218042,2.61999988555908,110.6519296,5.47462365219589,1.8901120808278,19.8956928528982,5.12344980239868,96.875,1
AUT,2018,Europe & Central Asia,Austria,AUT,82520,16.0827678138633,8840521,0.487071924768999,41.703,58.297,9.7,1.47,6,81.6926829268293,28.0624590209171,7.13306391934265,408030932405.258,46154.6250956541,1.92771305987296,45535.7066279977,328598611987.718,1.99837981429546,4.84999990463257,107.923639505579,55.4622191178234,52.4614203877556,-6.2871015854224,3.69000005722046,124.2461975,0.144713201452784,0.744738358890256,19.3393825159642,5.22452020645142,94.375,1
AZE,2018,Europe & Central Asia,Azerbaijan,AZE,82654,25.3817117138916,9939771,0.866316916370841,44.32,55.68,14,1.73,6,72.76,8.62374765477201,3.2928323542098,52304902010.6514,5262.18380792188,0.624486167739661,NA,NA,2.26854690374005,4.90000009536743,91.6725765369825,54.0922938620586,37.5802826749238,2.97794611197123,36.2599983215332,101.8436601,29.3546240939992,3.56240123412697,10.4664635668981,2.45543003082275,78.75,1
BHS,2018,Latin America & Caribbean,"Bahamas, The",BHS,10010,0.799200799200799,401906,0.720668948364001,16.975,83.025,11.566,1.412,5,73.806,10.816629963671,6.96680306418984,12340765666.5406,30705.6019729505,1.09978136712807,28788.4548719399,10887471125.4363,2.26586346678726,10,75.662051772527,35.8558459681086,39.8062058044184,3.85240196012533,2.25999999046326,96.71589874,0.0131164597095545,NA,12.3747628529767,2.24967002868652,81.25,0
BHR,2018,Middle East & North Africa,Bahrain,BHR,780,2.05128205128205,1487340,2.07237016433842,10.713,89.287,13.818,1.93,6,79.857,3.62465184391122,20.7148328330727,34243206973.6781,23023.1197800625,0.0167861091434816,21737.0570445114,26007442791.6048,2.08766938046983,1.20099997520447,150.806054558909,79.2525219237919,71.5535326351172,0.29408549051138,0.970000028610229,140.7017898,13.0369080147772,4.07429482993766,16.2860745454655,2.36661005020142,40,0
BGD,2018,South Asia,Bangladesh,BGD,130170,59.7088422831682,163683958,1.16137846270492,63.368,36.632,18.462,2.04,6,72.567,7.87968833015957,0.50982391901986,239028505056.988,1460.30501692162,6.08023776882422,1520.40753811411,199528014394.461,5.5436213948647,4.41300010681152,32.5146317240884,12.6747879443391,19.8398437797492,0.753510982649492,39.3899993896484,98.83168698,0.599715199260464,1.26399978490041,5.95916693091491,1.94795548915863,49.375,0
BRB,2018,Latin America & Caribbean,Barbados,BRB,430,16.2790697674419,279688,0.179288797746607,68.853,31.147,10.913,1.619,5,77.067,20.8209740191438,4.43351166133956,4816487749.94047,17220.9310014747,-1.20442737607596,NA,NA,3.67381410406798,8.31999969482422,75.463729384312,35.5248066264005,39.9389227579115,4.73971114455638,2.70000004768372,117.7476331,0.321377221369412,NA,11.7915755593097,5.42886018753052,76.875,0
BLR,2018,Europe & Central Asia,Belarus,BLR,202980,28.1407035175879,9438785,-0.213824206997671,21.405,78.595,9.9,1.448,6,74.1756097560976,23.4910631244069,6.24550731507705,58198692497.6768,6165.90933024502,3.36999151883471,5947.3744356048,47312275370.8948,4.87230220550689,4.76000022888184,139.393736250171,70.4550452625374,68.9386909876332,2.3762618776861,11.3100004196167,119.8449004,1.99093325768474,1.18226172889567,15.7394924938501,5.38111019134521,75.625,1
BEL,2018,Europe & Central Asia,Belgium,BEL,30280,28.0713342140026,11427054,0.455184695275022,1.999,98.001,10.4,1.62,6,81.5951219512195,29.2177432143905,8.19633858929077,484305039588.75,42382.3182763247,1.33065222724522,42593.1122040563,396407919211.322,2.05316499865181,5.94999980926514,166.494787097425,83.0796294670067,83.4151576304182,-7.65717995735734,0.990000009536743,99.9891253,0.019239121093776,0.891399549680955,23.1414661163506,6.38137006759644,100,1
BLZ,2018,Latin America & Caribbean,Belize,BLZ,22810,3.94563787812363,382066,1.94863445386443,54.276,45.724,21.015,2.345,5,73.703,6.951143006701,1.64892975358087,2199497511.31222,5756.8522488581,-0.84761704829117,5356.12417474212,1405959489.74805,0.269982622646432,6.64400005340576,99.719222462203,51.0799136069114,48.6393088552916,5.27177740625084,17.0100002288818,64.46818089,0.996808197316465,1.24738793456678,19.2224622030238,7.47227001190186,79.375,0
BEN,2018,Sub-Saharan Africa,Benin,BEN,112760,24.8315005321036,11940683,2.92239218681089,52.688,47.312,38.186,5.199,6,60.14,5.71850970797997,0.621404996371979,13268812215.2665,1111.22724012241,3.62426821593731,1099.95515458402,11676383002.7935,0.644803622440778,1.47000002861023,61.7951944903448,27.2742306189085,34.5209638714363,1.36073573349145,39.0800018310547,79.24062635,2.46040412481133,0.6328575401476,10.4105053943384,2.93161988258362,74.375,0
BMU,2018,North America,Bermuda,BMU,54,5.55555555555556,63918,0.0704274978050419,0,100,8.3,1.3,5,81.6517073170732,26.4077715029399,NA,6819905984.64909,106697.737486296,-0.50289929998705,110034.92418323,NA,NA,NA,77.5552703807388,51.4791563825902,26.0761139981486,1.32046326053902,NA,NA,0,NA,11.7283240729939,1.93595468997955,NA,NA
BTN,2018,South Asia,Bhutan,BTN,38140,2.46460409019402,762096,0.787111572078005,59.105,40.895,13.789,1.569,6,71.129,8.54840120313789,1.37777911485729,2336476327.38733,3065.85564992774,2.24715498739612,2789.65548466045,1908680209.9896,2.72396386183716,2.44400000572205,84.1870116266903,30.8177060148869,53.3693056118033,0.108279483744831,56.1199989318848,92.31829061,1.98869700878608,NA,17.1169027937557,6.80103349685669,71.875,0
BOL,2018,Latin America & Caribbean,Bolivia,BOL,1083300,4.13551186190344,11606905,1.48747419672442,30.575,69.425,22.634,2.73,6,67.748,7.8536485642925,2.00139481991421,37364958855.9519,3219.20088567555,2.6847971997509,3137.84581144166,32151204775.2688,2.27205987230148,3.51999998092651,57.1099646333271,25.9887950657509,31.1211695675762,0.750524780940684,31.0599994659424,98.61224848,5.06676014470709,1.49690234223745,17.5256446701758,8.89999961853027,88.75,0
BIH,2018,Europe & Central Asia,Bosnia and Herzegovina,BIH,51200,20.09765625,3400129,-1.16659481128762,51.755,48.245,9.067,1.384,6,77.093,24.3788197359909,6.64680674805859,17897763141.48,5263.84826619226,4.95738616073147,5231.74281812788,15394664016.5414,1.41710814018026,18.3999996185303,99.8968920580931,42.6093498916213,57.2875421664718,2.98155916099728,15.7299995422363,101.7919614,1.03467641221929,0.852548557100982,19.769533185659,NA,85,0
BWA,2018,Sub-Saharan Africa,Botswana,BWA,566730,0.458066451396609,2451409,2.04278510078483,30.554,69.446,25.328,2.903,6,65.422,5.37897896342154,2.98195851560451,15734544891.6947,6418.57188730836,2.0830514501188,5824.70113427373,11986296848.1928,3.2380155894771,22.0709991455078,87.4551039946493,44.228143923739196,43.2269600709101,1.67893797952992,20.3700008392334,137.9300386,0.809852818321017,2.67608892317505,29.0987970338455,6.72131013870239,63.75,0
BRA,2018,Latin America & Caribbean,Brazil,BRA,8358140,6.67158004053533,210166592,0.793768153848091,13.431,86.569,14.133,1.749,6,75.109,12.4624531687822,2.06498086163178,1797739006514.93,8553.87618653936,0.978938492697395,8316.01280955985,1534199006964.32,3.66485028376724,12.3299999237061,28.8762033745466,14.6349994952986,14.241203879248,4.07745878194606,9.26000022888184,99.64002652,3.76454189015038,1.46967772350671,19.8950877802146,6.08851003646851,81.875,0
VGB,2018,Latin America & Caribbean,British Virgin Islands,VGB,150,6.66666666666667,30335,0.910677706943281,52.277,47.723,7.114,0.917,5,75.831,11.0374104537012,NA,NA,NA,NA,NA,NA,NA,NA,NA,NA,NA,NA,NA,131.7092467,NA,NA,NA,2.4343900680542,NA,NA
BRN,2018,East Asia & Pacific,Brunei Darussalam,BRN,5270,0.759013282732448,434274,0.924880804854795,22.371,77.629,15.05,1.848,6,74.712,6.71965479822149,17.3623103429011,12784201742.5315,29438.1006980189,-0.868860056866723,29686.1468517665,10223235554.1717,1.02505179290213,8.69999980926514,93.896319873231,51.93227637834,41.964043494891,3.80474135275375,1.05999994277954,130.3207192,26.1275819717252,2.63661248547429,24.1412808043276,NA,53.125,0
BGR,2018,Europe & Central Asia,Bulgaria,BGR,108560,32.0375829034635,7025037,-0.722080405222853,24.992,75.008,8.9,1.56,7,74.9634146341464,33.5271747920843,5.82203361005485,55214628202.2217,7859.6921556743,3.42891056956151,7597.76322085316,46640802854.616,2.81454473824833,5.21000003814697,128.851658793041,65.6958529144087,63.1558058786326,2.72719037994676,6.57999992370605,117.8397093,0.671719737316267,1.45156836676972,16.4143432953985,4.04530000686646,90.625,1
BFA,2018,Sub-Saharan Africa,Burkina Faso,BFA,273600,21.9298245614035,20392723,2.76868116258088,70.642,29.358,37.294,5.069,6,60.047,4.88871967055035,0.229003261422908,14194244080.5891,696.04456847617,3.69351332759673,673.454667522086,12692539489.6075,1.95594302672532,4.69000005722046,60.5956256236488,28.0789061419219,32.5167194817269,1.68919955715947,27.0799999237061,94.83338248,8.56376219172977,2.16504174626094,18.419409475168,5.488609790802,80,0
BDI,2018,Sub-Saharan Africa,Burundi,BDI,25680,46.7289719626168,11493472,2.98382355303175,86.968,13.032,37.011,5.38,7,61.688,4.80173091205831,0.060034078267717,3150727480.46183,274.131914225904,-1.37713962186088,274.78867041566,2251241729.10752,-2.8146980766847,1.58700001239777,26.5997024647774,5.6856543143069,20.9140481504705,0.0369812562785432,86.25,54.97002994,12.6036911469817,1.88216144691977,26.2102674584933,5.07864999771118,73.125,0
CPV,2018,Sub-Saharan Africa,Cabo Verde,CPV,4030,12.4069478908189,571202,1.09986005170242,34.268,65.732,17.821,1.964,6,75.733,7.84725839338109,1.06792345668453,1812401360.18566,3172.96045914695,3.38776460555046,3097.74834844419,1548155080.48007,1.25699566690509,12.1700000762939,116.951067174899,48.9526443748728,67.9984228000264,5.22570759333946,11.8400001525879,106.8497659,14.1459207306859,0.542008419435312,17.798660743674,5.36885023117065,86.25,0
KHM,2018,East Asia & Pacific,Cambodia,KHM,176520,21.9578518014956,16025238,1.22144565921597,76.612,23.388,20.805,2.435,6,70.561,7.3457448089541,0.909814875991614,22194442188.3034,1384.96802283394,6.16447598496683,1305.86333176625,19469793108.4483,2.45908515380133,0.14300000667572,124.898612832521,61.5957275117758,63.3028853207447,13.0744980659541,36.3800010681152,121.1658947,0.875612451869286,2.22485237535631,4.9262731711361,2.57805943489075,75,0
CMR,2018,Sub-Saharan Africa,Cameroon,CMR,472710,13.1158638488714,25076747,2.7637376380325,43.626,56.374,36.716,4.694,6,61.18,5.11360567121063,0.382426004161859,36242614126.2874,1445.26776644065,1.1217952158362,1418.23534398009,29568634651.1784,1.0742994515814,3.61700010299683,40.587602877028,18.7362534690181,21.8513494080099,1.91398182081519,44.1699981689453,73.59740879,6.49686681355859,1.11159531025983,11.920018840418,3.03096008300781,60,0
CAN,2018,North America,Canada,CAN,8965590,4.31538805588924,37065084,1.41245586917998,18.589,81.411,10.1,1.5,6,82.0487804878049,25.7031416810072,15.6505790424074,1664870307455.57,44917.4837282326,1.33556428524561,44536.1710204933,1357635587129.09,2.268225672481,5.82999992370605,66.447716838606,32.2801824238976,34.1675344147084,2.46931207254863,1.49000000953674,89.67401709,2.12446559041552,1.32468109445935,20.6815221553072,4.8889799118042,97.5,1
CYM,2018,Latin America & Caribbean,Cayman Islands,CYM,240,0.833333333333333,64884,2.02863766124782,0,100,9.9,NA,5,NA,9.20264093448451,NA,5229690027.6011,80600.6107453471,2.17337297172145,NA,NA,NA,NA,117.117123372744,71.587849798792,45.5292735739521,3.13983173294389,NA,NA,0,NA,2.11133272268875,2.16680669784546,NA,NA
CAF,2018,Sub-Saharan Africa,Central African Republic,CAF,622980,2.88933834151979,5094780,1.94305862344608,58.636,41.364,41.831,6.037,6,54.369,4.84276918336025,0.0451442464978517,1927167157.0247,378.263076526306,1.79222030531334,405.964217344986,1894359095.38562,1.61215686991555,5.60500001907349,49.6602000024318,15.9400300007701,33.7201700016618,0.810612600660747,70.3000030517578,25.10924907,10.8643090896974,1.43304053959819,7.70001000295874,1.56587994098663,76.875,0
TCD,2018,Sub-Saharan Africa,Chad,TCD,1259200,4.12960609911055,15604210,3.37812774879537,76.941,23.059,44.37,6.464,6,52.825,4.06838586565031,0.140346743425041,10195006847.3059,653.349759283291,-1.02652688805676,642.678997834782,7186383538.19079,4.27462198610544,1.12999999523163,74.2047537321657,36.1906824485852,38.0140712835805,4.10075324676178,75.3899993896484,44.75798518,24.5655738325211,2.33946854618029,3.60339327694371,2.25947999954224,66.25,0
CHL,2018,Latin America & Caribbean,Chile,CHL,743532,1.63140254891518,18701450,1.79596279901203,12.436,87.564,11.94,1.564,6,80.133,17.1922339007482,4.63119173167597,260076767994.429,13906.7702234013,2.1390781835667,13332.3449512008,203043623944.252,2.43488981353058,7.23000001907349,58.1770506334403,28.5290447397614,29.6480058936789,2.62680355492942,9.22000026702881,134.6365175,5.76285982731167,1.86392776997444,14.8564737574086,5.43316984176636,77.5,1
CHN,2018,East Asia & Pacific,China,CHN,9424702.9,12.676760346472,1402760000,0.467672053461959,40.848,59.152,10.86,1.554,6,77.744,16.369816309205,7.48733189390915,13493418449047,9619.19248413627,6.25170055576318,9577.06830926869,10021302539082.6,2.07479039965578,4.28000020980835,37.5657841020956,19.1121035363869,18.4536805657087,1.69390529382619,26.0699996948242,116.3882038,1.47794127719618,1.73953368321942,16.5358083434983,3.54249000549316,75.625,0
COL,2018,Latin America & Caribbean,Colombia,COL,1109500,5.42676881478143,49276961,1.89558675057496,19.222,80.778,14.841,1.787,6,76.748,11.4521577256146,1.59486288811298,311467946721.7,6320.76208436838,0.638439615993107,6161.16831240172,260505916539.574,3.24056932930567,9.10999965667725,36.5347527968973,15.8997196775431,20.6350331193542,3.3808357321772,16.7099990844727,130.9211763,5.02867928367672,3.06210551143266,15.4214808598175,4.44910001754761,81.875,0
COM,2018,Sub-Saharan Africa,Comoros,COM,1861,35.4648038688877,776313,1.90502758147562,71.035,28.965,30.859,4.196,6,63.912,7.50625086424007,0.386442081893423,1073934161.69033,1383.37778922977,1.68672159754276,1390.86783375812,997796445.856667,NA,8.07900047302246,42.996153341343,12.909022989086,30.087130352257,0.477150042035581,34.9900016784668,64.26561932,1.45730020542914,NA,10.2296889355558,NA,65,0
COD,2018,Sub-Saharan Africa,"Congo, Dem. Rep.",COD,2267050,5.95222866721069,87087355,3.27282723445499,55.54,44.46,42.989,6.302,6,59.942,5.97850420764127,0.0358260953677957,42619014794.5289,489.382354011428,2.41383997514191,471.426785499415,37125409422.3284,NA,4.45100021362305,69.9197291504798,32.5535282648245,37.3662008856553,2.95904257569684,64.8099975585938,41.87818082,17.9302734713869,0.623912514687135,6.31759389454562,NA,70,0
COG,2018,Sub-Saharan Africa,"Congo, Rep.",COG,341500,1.61054172767204,5441062,2.39418462530963,33.084,66.916,32.337,4.367,6,64.053,4.67759825452151,1.19278180824224,9655784261.38472,1774.61390099667,-7.05742027812481,1665.05163300523,3991309168.9228,1.15277896375521,20.6140003204346,120.03576232405,71.0295689513304,49.0061933727199,31.5672219442431,33.7400016784668,91.89382514,47.4371556524961,2.50811727955521,14.5945704974532,2.99548006057739,49.375,0
CRI,2018,Latin America & Caribbean,Costa Rica,CRI,51060,4.94516255385821,5040734,0.934615300864476,20.66,79.34,13.562,1.709,6,79.484,13.8997330193017,1.6604724402357,62862775554.712,12470.95672073,1.66130830993416,11812.928132744,56045462964.9557,2.22111461526584,9.63000011444092,66.945342016636,33.7385107761536,33.2068312404824,4.82943871297369,12.3999996185303,168.5386493,0.934956585459435,NA,16.1957338928329,6.76991987228394,80,0
CIV,2018,Sub-Saharan Africa,Cote d'Ivoire,CIV,318000,11.0062893081761,25493988,2.56647493405036,49.221,50.779,35.007,4.611,6,58.849,4.35146536867754,0.399702062320862,56350019798.3227,2210.32581478907,4.18187593952662,2124.32476035475,53268518783.0768,0.359409031380664,3.29299998283386,46.0674863772771,22.6406826881759,23.4268036891012,1.06932420831873,41.0099983215332,132.6110689,3.34335409374428,1.41343544765218,10.2409781481538,3.23993992805481,78.125,0
HRV,2018,Europe & Central Asia,Croatia,HRV,55964,14.3663783861054,4087843,-0.893486927711056,43.053,56.947,9,1.47,7,78.0707317073171,31.6841309604134,4.01923466854666,55313599034.9693,13531.2435029842,3.72330243717683,13475.3997678852,46511381000.9544,1.50012501041753,8.43000030517578,99.6643267555775,49.3929449603522,50.2713817952253,2.11723425075868,6.23999977111816,105.479914,0.781194028335236,1.55249000456251,20.7368515211641,3.90755009651184,93.75,1
CUB,2018,Latin America & Caribbean,Cuba,CUB,103800,28.0211946050096,11328244,-0.0720152370566522,22.963,77.037,10.348,1.631,6,77.496,21.7503334390569,2.35782342651453,91169895871.5596,8048.01660977285,2.3221413989682,7927.19609181379,80605007916.711,NA,1.70000004768372,27.0834582708646,14.5227386306847,12.5607196401799,NA,17.6900005340576,47.43291193,1.01611832621726,2.87620737245072,30.0449775112444,8.02498743723845e-6,NA,NA
CUW,2018,Latin America & Caribbean,Curacao,CUW,444,NA,159336,-0.525178744011738,10.855,89.145,10.5,1.7,6,NA,20.2256670807914,NA,2899702370.77176,18198.6642740608,-1.65173119081442,NA,NA,2.58368756641871,NA,NA,NA,NA,4.20227341997479,NA,100.9029785,0,NA,NA,6.57879114151001,NA,NA
CYP,2018,Europe & Central Asia,Cyprus,CYP,9240,11.2559523809524,1218831,0.849324982193926,33.19,66.81,10.843,1.32,6,81.382,19.2797795557545,5.90729954297613,23701528569.0948,27241.0078125,4.36695117286521,26253.341796875,20097748103.906,1.43549119531762,8.36999988555908,148.52796262254,74.9673023347764,73.5606602877634,-4.33754906104042,2.17000007629395,137.0450965,0.00468975838030147,1.78048570866271,14.5337309940279,5.15285396575928,91.25,0
CZE,2018,Europe & Central Asia,Czechia,CZE,77210,32.1719984457972,10629928,0.334427262299794,26.208,73.792,10.7,1.71,6,79.0292682926829,29.9878228815485,9.49206819894537,209298846486.102,19689.5827032979,2.87546852691743,18488.5014689715,154657684874.419,2.14949494949492,2.24000000953674,147.94852332232,76.9435759590934,71.0049473632267,3.34323305768324,2.79999995231628,120.5956604,0.387667241134313,1.0886700008226,19.405311008932,4.26692008972168,93.75,1
DNK,2018,Europe & Central Asia,Denmark,DNK,40000,59.71,5793636,0.495838925879129,12.126,87.874,10.6,1.73,6,80.9536585365854,30.5868037857124,5.71834355284233,327708263102.566,56563.4884729669,1.4850851572351,57758.6791997925,279345062695.417,0.813609467455633,5.13000011444092,106.974996433357,56.5598044910739,50.4151919422829,2.45600096718496,2.19000005722046,125.1362568,0.635279985201664,1.27753927185212,24.2753514178382,6.79277992248535,100,1
DJI,2018,Middle East & North Africa,Djibouti,DJI,23180,0.0862812769628991,1057198,1.61772854346232,22.223,77.777,22.982,2.929,6,63.038,6.84144309058223,0.378358648011502,2869607134.04835,2714.35164845975,3.09308757962641,2581.72298731401,2509060224.52004,0.147970849877116,26.1889991760254,300.398686676008,156.619875027706,143.778811648303,5.83497309667245,25.4699993133545,37.36641575,0.267564658241047,NA,21.3501236992407,3.62773990631104,61.875,0
DMA,2018,Latin America & Caribbean,Dominica,DMA,750,8,70823,0.594793080912983,29.517,70.483,NA,NA,5,NA,13.1308862593576,2.4003501939785,537309039.644082,7586.64614100055,2.93351857168791,NA,NA,0.989191119189815,NA,106.96050417924,29.1932598071942,77.7672443720458,14.1109143908535,NA,108.4675882,0.0349041033801395,NA,27.3907122065853,5.57154989242554,62.5,0
DOM,2018,Latin America & Caribbean,Dominican Republic,DOM,48310,18.1535913889464,10765531,1.10483767973875,18.926,81.074,19.762,2.381,6,73.232,10.0515286403042,2.35102192970717,84993382978.8095,7894.95501697125,5.80704982687432,7556.24724381357,75727483326.2899,3.56443426013507,5.8600001335144,52.0559663874181,23.5514313052003,28.5045350822178,3.20786379861054,9.32999992370605,83.02096599,0.868758582349052,0.693991110098086,10.8598569852577,3.92848992347717,86.25,0
ECU,2018,Latin America & Caribbean,Ecuador,ECU,248360,3.89756804638428,17015672,1.89090930713133,36.179,63.821,17.658,2.133,6,77.094,11.0628449619337,2.35900171263576,101689830586.566,5976.24534526558,-0.608002128663117,5809.26772214453,79804347453.0591,-0.224103246005465,3.52999997138977,46.3621309486896,22.6046839884209,23.7574469602687,1.29125217069229,28.8299999237061,92.69594524,7.49992801089728,2.35188715281228,14.7163578426316,4.6214599609375,89.375,0
EGY,2018,Middle East & North Africa,"Egypt, Arab Rep.",EGY,995450,3.06293636044,103740765,1.89893076814734,57.296,42.704,24.562,3.098,6,71.367,7.32460061943295,2.38970672389112,377080487734.144,3634.83426919152,3.33314697971565,3544.73664619007,318890126601.276,14.4014657807421,9.81999969482422,48.2782710596295,18.9119754811376,29.3662955784919,3.2602627890206,21.6599998474121,90.40274284,6.96100968377368,1.24996619642133,8.35173750394375,NA,45,0
SLV,2018,Latin America & Caribbean,El Salvador,SLV,20720,34.7972972972973,6276342,0.154476680476382,27.977,72.023,16.536,1.849,7,72.555,12.051629705858,1.08502690624245,25166352421.875,4009.71655494156,2.2543628999441,3784.7814534621,19977141248.2313,1.09033000581896,4.01000022888184,75.6336168879956,28.9343737810256,46.69924310697,1.58620478716365,16.7099990844727,150.3024373,0.661344992571905,1.12802193173899,16.1096582163919,3.60575008392334,88.75,0
GNQ,2018,Sub-Saharan Africa,Equatorial Guinea,GNQ,28050,4.89875222816399,1502091,3.48160747723884,27.857,72.143,32.667,4.513,7,61.191,5.39783039197217,4.28069925746085,10634279302.6072,7079.65050227129,-9.44484525853233,5282.10072888192,4873168001.01013,1.34988438751676,8.62399959564209,103.645681622953,59.6145347244398,44.0311468985135,3.02418449277033,39.1500015258789,39.35997262,30.4818325339651,1.07214133360045,23.5278374099566,NA,51.875,0
ERI,2018,Sub-Saharan Africa,Eritrea,ERI,121077.714,5.69881918979739,3445374,1.41594960093608,59.92,40.08,29.105,4.056,6,67.067,7.2236959338518,0.246707621245722,NA,NA,NA,NA,NA,NA,5.94700002670288,NA,NA,NA,NA,63.7599983215332,NA,NA,NA,NA,NA,69.375,0
EST,2018,Europe & Central Asia,Estonia,EST,42750,15.9766081871345,1321977,0.348039137980543,31.12,68.88,10.9,1.67,7,78.2439024390244,30.7712505499808,11.5887036573437,25926098666.5234,19611.6109936281,3.42361905839128,19494.5469543163,21714728647.8774,3.43632688420445,5.36999988555908,145.920296083136,74.3238978479862,71.59639823515,4.02465356651262,3.28999996185303,145.5233453,1.36734357143627,2.00866586260145,19.1291737338201,5.2632098197937,97.5,1
SWZ,2018,Sub-Saharan Africa,Eswatini,SWZ,17200,10.1744186046512,1160428,0.781899444165432,76.201,23.799,25.718,2.962,6,59.411,6.1926107758441,0.784193440890813,4288883799.14712,3695.94994187242,1.57144252019603,3427.1635927434,3486823836.82136,4.81506167461507,22.7919998168945,84.7722049655838,40.4436274589204,44.3285775066633,0.667293513428125,12.5,NA,3.03008588973064,2.03576226988797,23.073166314959,5.67916011810303,43.75,0
ETH,2018,Sub-Saharan Africa,Ethiopia,ETH,1128561.429,14.3430384771727,111129438,2.67332102071494,79.237,20.763,32.996,4.343,7,65.412,5.49119222051887,0.155134409760249,82721152428.0532,744.367594372728,3.99844025588089,741.040189178229,69729466699.9306,13.8330356586661,2.31800007820129,31.199374943469,8.37267586646371,22.8266990770053,3.98771253765884,67.2900009155273,NA,5.90429714018148,0.645190437768716,10.2504816780532,5.06867980957031,71.875,0
FRO,2018,Europe & Central Asia,Faroe Islands,FRO,1396,0.0472779369627507,50955,1.43304325187036,57.936,42.064,13.4,2.5,NA,82.5439024390244,28.5677928357829,NA,NA,NA,NA,NA,NA,NA,NA,106.874168106959,52.8180066352782,54.0561614716809,NA,NA,111.4552056,0,NA,28.4050499632477,8.78139972686768,NA,NA
FJI,2018,East Asia & Pacific,Fiji,FJI,18270,4.07224958949097,918996,-0.00250269992369218,43.752,56.248,20.187,2.53,6,67.81,7.91528393177153,1.77367474421176,5246541381.63422,5708.99261980924,3.81494911461249,NA,NA,4.08147637644538,4.33300018310547,103.235419995391,47.7487957958311,55.4866241995596,8.40046167281378,17.9799995422363,110.4466178,1.14891871434974,1.46760686131695,20.3921605341966,4.83571004867554,74.375,0
FIN,2018,Europe & Central Asia,Finland,FIN,303920,7.38352197946828,5515525,0.132641040791912,14.618,85.382,8.6,1.41,7,81.7341463414634,34.6831838262335,8.08263979060102,251661932877.344,45627.9198947233,1.00565417029748,45818.5090248821,205887809529.023,1.08382098409299,7.3600001335144,78.1921683186129,38.4687872116233,39.7233811069896,-3.83438230194276,3.71000003814697,129.6355826,0.527037211590337,1.36221240755957,22.9013715294138,6.27542018890381,97.5,1
FRA,2018,Europe & Central Asia,France,FRA,547557,33.1041334509467,67158348,0.358494581816163,19.556,80.444,11.3,1.87,6,82.6756097560976,32.8355700695249,4.5720300891405,2569458097202.24,38259.6977698474,1.50053912327405,38965.0142582478,2146285151898.7,1.85081508315494,9.02000045776367,64.437952596913,31.7136672102555,32.7242853866575,2.77657814362355,2.5,109.5588076,0.042895558823884,1.84300872300244,23.2715949606187,5.40716981887817,100,1
PYF,2018,East Asia & Pacific,French Polynesia,PYF,3471,0.720253529242293,297606,0.727084625433978,38.166,61.834,13.777,1.789,6,82.783,12.2884671818449,NA,5779371136.06775,19419.5383697498,2.07956978196357,NA,NA,NA,12.2480001449585,NA,NA,NA,0.521345707176726,7.03999996185303,101.7025866,NA,NA,NA,NA,NA,NA
GAB,2018,Sub-Saharan Africa,Gabon,GAB,257670,1.26130321729344,2192012,2.39135522463594,10.63,89.37,29.004,3.679,6,66.306,6.54645892633748,2.33575358417704,14876945039.3652,6786.89032695312,-1.54487218362715,6173.48526730029,12343903648.0211,4.74906652083221,20.7490005493164,77.0365976973024,54.2990764910062,22.7375212062962,8.17598938908953,30.5900001525879,133.692425,22.9155226152909,1.54872276748932,10.5658037085265,2.93345999717712,57.5,0
GMB,2018,Sub-Saharan Africa,"Gambia, The",GMB,10120,43.4782608695652,2444916,2.64137634537543,38.73,61.27,34.924,4.972,7,63.04,4.6956972484517,0.224956608701865,1579264906.00789,645.938308722218,4.43949429425278,634.635270711127,1227962930.35198,6.52096823946571,9.47599983215332,63.1091120519767,21.7264294987761,41.3826825532006,4.89653694972418,27.7099990844727,130.1227936,2.56216992008748,0.702928017615916,6.82478004672062,2.36543989181519,69.375,0
GEO,2018,Europe & Central Asia,Georgia,GEO,69490,4.47546409555332,3726549,-0.0390365463489613,41.368,58.632,14.395,2.114,6,73.341,21.8756051204444,2.56805953573245,16915132067.1573,4539.08752230476,4.88385492937473,4356.71212479397,14296902985.9315,2.61524471397664,12.6700000762939,111.755539312188,50.5585276931977,61.1970116189904,7.21994532289443,38.9000015258789,144.7181513,0.471896888652853,1.89711315739272,13.2075767835442,3.5210599899292,79.375,0
DEU,2018,Europe & Central Asia,Germany,DEU,349380,33.5766214437003,82905782,0.300526701992065,22.688,77.312,9.5,1.57,6,80.8926829268293,33.0861490130039,8.53619609072659,3559040862512.65,42928.7412368012,0.678212594110718,44302.965105823,3019947144328.1,1.73216766075662,3.38000011444092,88.5198710425055,47.3088591421652,41.2110119003402,4.19853598708149,1.25,129.6794748,0.0856929344770607,1.16783286716194,19.8828388477024,4.97576999664307,97.5,1
GHA,2018,Sub-Saharan Africa,Ghana,GHA,227540,11.4467785883801,30870641,2.1226797659381,43.94,56.06,29.025,3.731,6,64.122,5.56822699333247,0.605105682942437,58648966891.8988,1899.82990284843,3.96954738010722,1814.66702156098,45981599088.6194,7.80876516610709,4.27600002288818,67.9585183453884,33.4548958825786,34.5036224628098,4.44140705490139,31.0499992370605,132.601312,10.0975205441164,0.419660326452183,7.10478048996711,3.8861300945282,75,0
GIB,2018,Europe & Central Asia,Gibraltar,GIB,10,NA,32648,0.140996191940677,0,100,11.242,1.879,5,82.154,30.3353363054856,NA,NA,NA,NA,NA,NA,NA,NA,NA,NA,NA,NA,NA,125.7197991,NA,NA,NA,NA,NA,NA
GRC,2018,Europe & Central Asia,Greece,GRC,128900,16.61206128782,10732882,-0.202880238259165,20.942,79.058,8.1,1.35,6,81.7878048780488,33.7631264297435,6.05801840018985,200141371166.33,18647.4957207515,1.87490316346144,18298.1526546737,166089636120.323,0.625621413453588,19.2900009155273,80.1500265574834,38.9929061011015,41.1571204563819,1.89835335150905,12.2700004577637,114.4592115,0.108056384547902,2.71645307270589,19.7755483313339,3.59734010696411,97.5,0
GRL,2018,Europe & Central Asia,Greenland,GRL,410450,NA,56023,-0.263828878276887,13.184,86.816,14.6,2,NA,71.8865853658537,11.9712447975785,NA,2633811256.96937,47013.0349493846,0.888888638355184,NA,NA,NA,NA,89.7766906266033,44.4545789045455,45.3221117220578,NA,NA,109.767392,0,NA,43.1423966501003,10.5601902008057,NA,NA
GRD,2018,Latin America & Caribbean,Grenada,GRD,340,8.82352941176471,121838,0.755485367413198,63.728,36.272,16.92,2.063,5,74.808,14.1872870054823,2.62643832669153,1127327545.68561,9252.67605907521,3.57595748640898,NA,NA,0.804102313277037,NA,NA,NA,NA,15.7740194007963,NA,97.44168486,0,NA,NA,3.55255007743835,77.5,0
GUM,2018,East Asia & Pacific,Guam,GUM,540,1.85185185185185,168678,0.0426939914692953,5.22,94.78,17.02,2.671,6,77.439,16.25760515361,NA,5814829845.31392,34472.95939787,-0.834568542066606,NA,NA,NA,5.55900001525879,73.0184940554822,19.2371202113606,53.7813738441215,NA,0.239999994635582,NA,0,NA,NA,NA,NA,NA
GTM,2018,Latin America & Caribbean,Guatemala,GTM,107160,8.04404628592759,16346950,1.60038598150372,48.946,51.054,23.929,2.743,7,72.726,7.65573567087323,1.12069833790549,68060272306.0466,4163.48446077382,1.76513639905617,4078.27224998586,57930768929.8251,3.75186186704512,2.27999997138977,47.011682071395,18.1693265265636,28.8423555448314,1.2579063404773,31.7399997711182,121.4676927,1.20939204308682,0.390612897420441,11.120258551506,3.13704991340637,70.625,0
GIN,2018,Sub-Saharan Africa,Guinea,GIN,245720,12.6159856747518,12554864,2.53344244221774,63.86,36.14,35.931,4.669,7,59.349,6.3254910698663,0.298689018057065,11433120134.886,910.652647044683,3.69780652670586,878.092835615162,9283480250.52473,9.82600180777342,4.98299980163574,88.984111543709,40.2070955328741,48.7770160108349,2.97511257024732,61.3199996948242,95.6840313,12.3302456095783,1.63681420468527,15.4819047734539,2.38432002067566,62.5,0
GNB,2018,Sub-Saharan Africa,Guinea-Bissau,GNB,28120,10.6685633001422,1924955,2.37233714760758,56.64,43.36,32.657,4.263,6,60.502,4.91316623667293,0.166237648593054,1194956294.73557,620.771028276283,-1.09077789785651,596.349281649755,977303487.998264,0.381324702791038,5.98199987411499,56.0181155026704,25.2760949743129,30.7420205283575,1.36670254905123,61.060001373291,76.91042128,9.2160027887604,1.4853695283824,12.6235200292059,2.13787007331848,42.5,0
GUY,2018,Latin America & Caribbean,Guyana,GUY,196850,2.13360426720853,785514,2.8750028594538,73.394,26.606,20.77,2.462,6,68.896,8.75238229137376,3.29720401440243,4813398364.26896,6127.70538051386,1.48108436526509,6099.30948217343,NA,1.28284288443518,14.0200004577637,NA,NA,NA,24.6552899505381,15.8900003433228,NA,6.59938112987417,1.593320008704,NA,4.45058012008667,86.875,0
HTI,2018,Latin America & Caribbean,Haiti,HTI,27560,38.8243831640058,11012421,1.36113131762731,44.722,55.278,24.579,2.959,6,64.019,6.87295167564178,0.298753558536586,15739297369.472,1429.23135334836,0.293353843250884,1433.73668651077,15336459481.2207,12.4814111170435,13.8599996566772,47.2643458356698,10.8161897340876,36.4481561015822,0.638102587627495,29.2199993133545,59.95845963,0.439174146127379,0.150080164095032,8.23773996468872,1.63206994533539,61.25,0
HND,2018,Latin America & Caribbean,Honduras,HND,111890,9.1160961658772,9792850,1.7097289071087,42.904,57.096,21.895,2.46,6,72.814,6.07174238817511,1.02625897371398,23730751926.4043,2423.27329902983,2.08461858788954,2237.81113333162,20067980080.2456,4.34734937777536,5.65000009536743,103.551162215452,41.4548165613247,62.0963456541272,5.99385418561572,30.6700000762939,77.49076112,1.07759073362282,1.60769447208664,13.4622514861767,6.05646991729736,75,0
HKG,2018,East Asia & Pacific,"Hong Kong SAR, China",HKG,1050,2.85714285714286,7452600,0.800230596967774,0,100,7.2,1.072,6,84.9341463414634,24.5142747507214,NA,337455303240.589,45280.2113679239,2.02720633599849,47764.3725828167,NA,2.40613432046539,2.8199999332428,376.892773545026,188.339507002291,188.553266542735,26.8255240590301,0.170000001788139,265.9712453,6.57011975504868e-4,NA,9.92512949539558,3.32651996612549,89.375,0
HUN,2018,Europe & Central Asia,Hungary,HUN,91260,47.3811089195705,9775564,-0.126786951652838,28.649,71.351,9.6,1.55,7,76.0658536585366,28.8687787133193,4.74652935890747,140547408554.321,14377.421963001,5.4960026689736,13656.860412324,111032756570.617,2.85024792594642,3.71000003814697,163.261543308144,83.7558447990519,79.5056985090916,-40.0865991512742,4.84999990463257,102.7165638,0.381686025504609,1.1166413873556,19.6907162413617,4.62282991409302,96.875,1
ISL,2018,Europe & Central Asia,Iceland,ISL,100830,1.20003967073292,352721,2.67814276922904,6.187,93.813,12,1.71,6,82.8609756097561,21.18156048262,4.81967347473986,20351154562.7013,57697.5982793803,2.11700839171118,NA,15853363317.4518,2.68291768267388,2.70000004768372,89.9598055752489,46.6343008224189,43.32550475283,-2.3709844609742,4.03000020980835,116.5506905,1.96413029424747e-4,NA,24.1441952226193,7.56170988082886,100,1
IND,2018,South Asia,India,IND,2973190,52.29329810742,1369003306,1.08752772157855,65.97,34.03,17.651,2.177,6,70.71,9.38228789288654,1.7910328783681,2588974097973.61,1891.13794439121,5.30240867857405,1871.03770127929,2270898395491.36,3.93882646691634,5.32999992370605,43.6169693323889,19.9278285988562,23.6891407335327,1.55821479344505,43.3300018310547,85.90350833,2.24734613538794,2.43392206663758,10.8232185258548,4.36373996734619,71.875,0
IDN,2018,East Asia & Pacific,Indonesia,IDN,1877519,14.0078475903573,267066843,0.966206435866139,44.675,55.325,17.179,2.234,7,70.338,9.59108880161727,2.16047032927399,999178589070.128,3741.30527715913,4.16298429125608,3628.05156862297,799882380594.267,3.19834641562404,4.40000009536743,43.0743089551995,21.0027464972455,22.071562457954,1.81428979693517,29.6299991607666,119.6084851,4.35500951173038,0.718949726860769,9.02123180420785,3,64.375,0
IRN,2018,Middle East & North Africa,"Iran, Islamic Rep.",IRN,1622500,9.60308166409861,85617562,1.30788220910804,25.102,74.898,17.231,1.968,6,76.195,9.39627341866432,7.44508460397157,446162674191.021,5211.11164308815,-3.52394425096362,5236.23161734268,303465253753.232,18.0141183371874,12.1899995803833,58.3849003747867,30.2177517344562,28.1671486403305,0.715444232972887,17.6900005340576,103.6264522,36.0426424158871,2.45625050479328,15.806913922313,3.9553599357605,31.25,0
IRQ,2018,Middle East & North Africa,Iraq,IRQ,434128,11.5173405078686,40590700,2.41756068668666,29.527,70.473,28.429,3.659,6,71.514,5.70532693352063,4.01939345457171,191221824965.135,4710.97628188563,0.182367803474691,4671.99565306492,149629423525.933,0.36744148893681,12.9659996032715,65.8017917701083,40.8026420265318,24.9991497435766,-2.14854834807913,18.8199996948242,89.9894631,44.5436323539724,2.85159946518623,15.8794898494183,NA,45,0
IRL,2018,Europe & Central Asia,Ireland,IRL,68890,6.54666860211932,4867316,1.23887545258946,36.83,63.17,12.5,1.75,5,82.2048780487805,21.3474811641352,7.73732378325387,352098825394.701,72339.4218486536,7.19131450576147,55060.4565208961,184086862497.043,0.488370168032449,5.73999977111816,217.076131943494,122.784715063326,94.2914168801679,17.4631389088816,4.76999998092651,102.8335051,0.137252047723091,0.286862381839764,12.0140270216253,3.39286994934082,97.5,0
IMN,2018,Europe & Central Asia,Isle of Man,IMN,570,40.5263157894737,83775,0.233037660360485,47.412,52.588,8.94,1.621,NA,80.596,33.7540208136235,NA,8108785332.31474,96792.4241398358,1.97548559432906,91882.3132736451,NA,NA,NA,NA,NA,NA,NA,NA,NA,0,NA,NA,NA,NA,NA
ISR,2018,Middle East & North Africa,Israel,ISR,21640,17.7218114602588,8882800,1.92662286520241,7.58199999999999,92.418,20.8,3.09,6,82.8024390243903,19.1183797577025,6.87621041012459,344156628360.705,38744.1604404811,2.08447062883643,38732.1453955018,295523215995.289,0.817323896191417,4,58.9149579247697,29.8939141012579,29.0210438235117,5.71143720615578,0.959999978542328,126.5301426,0.178202990478237,5.32595576800145,22.3523618120374,6.11233997344971,80.625,0
ITA,2018,Europe & Central Asia,Italy,ITA,295718,22.7344970546264,60421760,-0.190063640113791,29.562,70.438,7.3,1.29,6,83.3463414634146,35.5758573715642,5.37687092998968,1908933681964.96,31593.4802621599,1.11781661979235,32036.492200398,1593654829085.45,1.13748763600395,10.6099996566772,60.3035512426617,31.3535542007886,28.9499970418731,2.11525548165585,3.75999999046326,139.1884938,0.106904441536326,1.35929093471843,18.8808660673035,4.25614023208618,97.5,1
JAM,2018,Latin America & Caribbean,Jamaica,JAM,10830,11.0803324099723,2811835,0.123091479545611,44.326,55.674,12.22,1.388,6,71.793,9.33417304331808,3.06205721768071,14802050818.6874,5264.19609212041,1.76458302430416,5061.91894957198,13419855044.7737,3.7366388215216,9.10000038146973,89.9779060412351,38.5638482851901,51.414057756045,4.92423084532786,16.2299995422363,105.44623,1.44835974994787,1.34909410742407,13.4379511959792,5.41380977630615,68.125,0
JPN,2018,East Asia & Pacific,Japan,JPN,364500,11.363511659808,126811000,-0.126880068088791,8.384,91.616,7.4,1.42,6,84.2109756097561,49.1042595267153,8.80168143468674,4580061760588.24,36117.2276899342,0.711770198436739,37320.877529729,3565120164534.64,0.989094598021806,2.40000009536743,36.6320638482759,18.3260176546997,18.3060461935761,0.501988769673437,3.49000000953674,142.4668807,0.0337224019987651,0.963259651025478,19.5755911714278,3.07782006263733,78.75,1
JOR,2018,Middle East & North Africa,Jordan,JOR,88780,2.26402342870016,10459865,2.36510265786667,9.021,90.979,22.999,2.973,6,75.774,5.38221293354758,2.36905549800552,41103997001.4528,3929.68714237256,-0.463137723283879,3911.4644529655,37982942883.4713,4.46231108475485,18.2700004577637,87.6359155040667,34.7991159622944,52.8367995417722,2.20177687362919,2.57999992370605,83.47869848,0.786139545172891,4.63577193790349,16.8856296296051,2.98481011390686,31.875,0
KAZ,2018,Europe & Central Asia,Kazakhstan,KAZ,2699700,11.0190021113457,18276452,1.31452298457883,42.572,57.428,21.77,2.84,7,73.15,11.7011653543522,11.8513158956408,202016241185.495,11053.3620631343,2.74053637969105,9437.72554142876,143555131461.265,6.01913096570673,4.84999990463257,63.5279565118188,37.6252184252873,25.9027380865315,0.196995407987547,15.7700004577637,140.6055713,21.5731449135997,0.835625807119447,8.32120070703086,2.61595010757446,69.375,1
KEN,2018,Sub-Saharan Africa,Kenya,KEN,569140,10.1908142109147,49953304,2.03273400450275,72.97,27.03,29.18,3.58,6,62.676,4.71444934125975,0.350126986017145,80165170351.7163,1604.80216387121,3.52208443515578,1579.50458020184,66507611122.6171,4.68981976129857,4.24900007247925,34.4147531767425,12.541975333359,21.8727778433835,0.832686431508354,55.0800018310547,99.09540718,1.26475900078023,1.26640880282782,12.3486893953272,5.10761976242065,80.625,0
KIR,2018,East Asia & Pacific,Kiribati,KIR,810,2.46913580246914,122261,1.56542354171621,45.943,54.057,28.46,3.41,6,66.855,5.89213750574744,0.736130111615959,177978658.986812,1455.72716554594,3.63899573318274,2799.79518695306,339906566.336879,0.564030491493466,NA,99.207074456946,10.7704228301635,88.4366516267824,-0.583173505916005,NA,43.62598354,0.0410386949287787,NA,74.7560302320711,11.9682903289795,76.25,0
PRK,2018,East Asia & Pacific,"Korea, Dem. People's Rep.",PRK,120410,18.9602192508928,25638149,0.476315091651054,38.101,61.899,13.488,1.845,7,73.031,15.3155279332928,1.97089106469024,NA,NA,NA,NA,NA,NA,2.62599992752075,NA,NA,NA,NA,44.5400009155273,NA,NA,NA,NA,NA,NA,NA
KOR,2018,East Asia & Pacific,"Korea, Rep.",KOR,97520,14.0894175553733,51585058,0.433519027613049,18.541,81.459,6.4,0.977,6,82.6268292682927,19.8569370821665,12.2252458192145,1601903713673.82,31053.6379289101,2.46224621613314,31227.5514932419,1303926856083.71,1.47583935002643,3.8199999332428,78.9888655134363,41.7132908430894,37.2755746703469,0.706300893808141,5,128.4051056,0.0206960879687792,2.49684357635785,16.0517273115489,4.45807981491089,85,1
KWT,2018,Middle East & North Africa,Kuwait,KWT,17820,0.448933782267116,4317185,4.55608227002645,0,100,13.443,2.165,6,79.722,4.15299513285748,21.1688865289878,115097791484.096,26660.379734502,-2.12827593223091,30464.8825687116,123539524848.215,0.543133148199589,2.16499996185303,103.115458302904,57.4954948554217,45.6199634474818,-0.0154705438206089,1.86000001430511,164.4554959,45.7372579802202,5.09995314880082,23.0543493219581,6.38917016983032,29.375,0
KGZ,2018,Europe & Central Asia,Kyrgyz Republic,KGZ,191800,6.71532846715329,6322800,1.99032207024617,63.649,36.351,27.1,3.3,7,71.4,6.50703891676279,1.77927500474473,7572253083.98869,1197.6107237282,1.7132091060235,1158.21303080279,6712171740.18423,1.54266145238431,6.88600015640259,98.8755599017608,31.6017300051143,67.2738298966465,1.74369127894699,20.4300003051758,140.3591937,4.69625912984548,1.57112217458223,17.1697001118399,5.55267000198364,76.875,0
LAO,2018,East Asia & Pacific,Lao PDR,LAO,230800,5.92461005199307,7105006,1.51870726808495,64.996,35.004,23.238,2.619,6,67.634,6.5104354502897,2.72483944564601,17534840493.2613,2467.95576150974,4.64655561898404,NA,NA,2.04039266890198,0.82700002193450906,NA,NA,NA,7.48564437536693,62.3699989318848,51.54585373,3.83369514696759,NA,NA,2.33501219749451,88.125,0
LVA,2018,Europe & Central Asia,Latvia,LVA,62227,20.8109020200235,1927174,-0.779138396192231,31.858,68.142,10,1.6,7,74.7829268292683,32.5601467607833,4.04218817909178,29984306271.8922,15558.6917797211,4.8052596330477,15812.1255137751,23905106972.4021,2.53445424186602,7.40999984741211,123.582361616538,61.4589417496788,62.1234198668595,1.24257767251277,6.96999979019165,106.9512252,0.98080744875124,2.0622774151559,18.1873662341568,4.24356985092163,100,1
LBN,2018,Middle East & North Africa,Lebanon,LBN,10230,13.4095796676442,5950839,-2.62721254105458,11.407,88.593,16.311,2.148,6,79.729,13.2916216126718,4.66992988980668,50232192261.0118,8441.19497452574,0.914540815675238,8257.82573428528,42611151211.1638,6.07698907889605,10.7959995269775,68.257307303806,20.7545211582482,47.5027861455578,4.84140308955779,11.6899995803833,74.34556707,0.00105691197169043,4.95276149396637,15.3368530011426,2.52447009086609,52.5,0
LSO,2018,Sub-Saharan Africa,Lesotho,LSO,30360,14.1403162055336,2198017,1.25441313204544,71.847,28.153,27.262,3.139,6,53.733,6.79677145183627,0.332117549169768,2369809388.16788,1078.15789785424,-1.17593122831944,1205.45002007565,2201527452.24208,4.75180301624742,22.8129997253418,142.784048012533,48.8621368201856,93.9219111923478,1.60071029200564,44.9099998474121,71.9803805,3.36827251416107,1.7886028744585,38.1308120968198,7.28535985946655,78.125,0
LBR,2018,Sub-Saharan Africa,Liberia,LBR,96320,5.19102990033223,4889391,1.91539593694733,48.849,51.151,32.706,4.336,6,60.853,6.25022053286747,0.231112626343778,3292571599.13518,673.411391957645,-0.761554820351506,NA,NA,23.5635148953742,3.02999997138977,NA,NA,NA,3.77268493884788,42.7799987792969,NA,13.0880947831875,0.938216027306212,NA,2.50391006469727,81.25,0
LBY,2018,Middle East & North Africa,Libya,LBY,1759540,0.977528217602328,6477793,1.54843762620192,19.898,80.102,19.282,2.581,6,72.794,7.37502537181018,8.74063109640657,68634305687.8597,10595.3224636631,6.28283689566369,NA,NA,NA,19.4549999237061,63.7811335968183,39.6135044170514,24.1676291797669,0,16.9599990844727,NA,43.7935669511053,NA,35.3379400213425,NA,50,0
LIE,2018,Europe & Central Asia,Liechtenstein,LIE,160,9.25,38181,0.767717718370254,85.662,14.338,9.9,1.58,7,83.0414634146342,26.0174249757986,3.66674525539001,NA,NA,NA,NA,NA,NA,NA,NA,NA,NA,-1303.13092078767,NA,123.8102721,0.00320720842936925,NA,NA,NA,NA,NA
LTU,2018,Europe & Central Asia,Lithuania,LTU,62630,33.7697589014849,2801543,-0.954190459209969,32.321,67.679,10,1.63,7,75.6804878048781,30.6014251052946,4.15842256161348,46067411257.316,16443.5852875776,4.99035385554106,15936.9541905773,38882647810.6842,2.69792779208397,6.15000009536743,148.594780129181,75.2054048902229,73.3893752389585,2.41824675908941,7.17999982833862,130.8936876,0.379349985764477,1.96741914187761,16.3718092930045,3.89293003082275,93.75,1
LUX,2018,Europe & Central Asia,Luxembourg,LUX,2574.46,24.1270013905829,607950,1.92883751398765,9.01900000000001,90.981,10.3,1.38,6,82.2951219512195,20.635258502436,15.3302075743469,64671765568.8058,106376.783565763,-0.714325922150593,74904.152387091,37751022527.3944,1.52819524307373,5.59000015258789,362.423904500585,197.501337465788,164.922567034797,-36.6826187441932,1.04999995231628,131.3674819,0.0131135879087284,0.52979702560685,16.8036666755155,3.64749002456665,100,1
MAC,2018,East Asia & Pacific,"Macao SAR, China",MAC,32.9,NA,650991,1.92034437176829,0,100,10.621,1.104,6,84.928,13.8034494967376,NA,52389983871.4635,80477.2782902736,4.43968499028399,72698.3018737514,NA,3.00446293166949,1.83000004291534,115.630664847193,82.5299193561036,33.1007454910897,2.77491858098367,0.400000005960464,335.0574739,3.69156085317719e-4,NA,9.42182426845746,2.72878003120422,NA,NA
MDG,2018,Sub-Saharan Africa,Madagascar,MDG,581800,5.15641113784806,26846541,2.55407704067255,62.809,37.191,32.088,4.043,6,65.27,5.47467204598984,0.12478329720885,12629254614.0975,470.423903552325,0.59206685062874,454.57366169003,10654745227.7052,8.59422958870474,1.84300005435944,67.841504668148,31.5360236543653,36.3054810137827,4.44792804733049,64.6800003051758,39.68745918,4.81291390905137,0.605686110902832,13.6033052509401,2.84409999847412,69.375,0
MWI,2018,Sub-Saharan Africa,Malawi,MWI,94280,38.1841323716589,18367883,2.68556142714987,83.063,16.937,33.925,4.14,6,63.276,5.65499432587308,0.075131140329652,7091106971.7608,386.060112194791,1.62549553666524,NA,NA,12.420178108921,5.75799989700317,NA,NA,NA,0.779423469311901,76.6399993896484,38.52869707,4.99843572865889,0.847025846481545,NA,3.32295989990234,77.5,0
MYS,2018,East Asia & Pacific,Malaysia,MYS,328550,2.51407700502207,32399271,1.31563682048248,23.964,76.036,15.978,1.881,6,75.644,9.37825362301079,7.54368836453478,349191186356.678,10777.748251085,3.47276670505505,10551.2014587366,239351255066.997,0.884709160571244,3.29999995231628,130.402552909322,68.5549400453114,61.8476128640106,2.31456942039031,10.6300001144409,130.908501,8.0728555524746,0.960665250318955,11.9694562634691,4.47865009307861,50,0
MDV,2018,South Asia,Maldives,MDV,300,13,489758,3.59964034794787,60.192,39.808,15.531,1.784,6,80.013,5.71185680344257,4.28783175493319,5065522982.52095,10342.9101362733,4.30030191979536,9537.80434386574,3436268163.88601,-0.133373386117525,5.61899995803833,153.832554237169,70.1131851868006,83.7193690503689,10.8594997763163,8.60999965667725,175.1750865,0.00258396462653068,NA,14.7820982855427,3.91248989105225,73.75,0
MLI,2018,Sub-Saharan Africa,Mali,MLI,1220190,5.25409977134708,19934298,3.17485008918529,57.644,42.356,42.901,6.183,7,59.393,5.18227376569737,0.274401425632929,15301000869.7067,767.571592925254,1.47317672512852,745.526594958751,12344517272.5817,0.299546507387888,7.42799997329712,60.1447828038175,24.5223744016967,35.6224084021207,2.73738533763003,63,110.1396447,7.62424054989638,2.80694470654841,15.877219836205,3.9055700302124,60.625,0
MLT,2018,Middle East & North Africa,Malta,MLT,320,28.34375,484630,3.49195540302534,5.38800000000001,94.612,9.2,1.23,5,82.4487804878049,27.722485999513,3.19831614286421,13503827804.2827,27864.2011519772,2.52559353084627,25772.1465299869,NA,1.15782362451512,3.66000008583069,272.996526437669,145.221150135083,127.775376302586,29.184337511655,1,125.2767573,0,0.436480245070176,15.5113855654188,5.13647079467773,88.75,0
MHL,2018,East Asia & Pacific,Marshall Islands,MHL,180,11.1111111111111,45989,-2.5716193468544,22.969,77.031,NA,NA,6,NA,5.36133855464578,3.91397958539122,201150200,4373.87636173868,6.90824247235244,5516.23835360233,NA,NA,NA,129.00227216971,39.8470142646659,89.1552579050437,4.44628551663636,NA,NA,0,NA,57.706218700843,15.1999998092651,56.25,0
MRT,2018,Sub-Saharan Africa,Mauritania,MRT,1030700,0.388085766954497,4270712,2.62618780349529,46.328,53.672,34.183,4.607,6,65.31,6.28588630153625,0.864024560124977,6952878007.44231,1628.03720022383,2.0564753419184,1616.36131252914,7264064162.94988,3.04891482875157,10.3850002288818,89.1467294935148,36.5862504012937,52.5604790922211,10.3416772427819,31.5200004577637,106.9260114,2.75220723212939,2.11248208745744,12.9844027999052,NA,48.125,0
MUS,2018,Sub-Saharan Africa,Mauritius,MUS,2030,36.9458128078818,1265303,0.0545472669534157,59.207,40.793,10.2,1.41,5,74.4163414634146,15.180866793061,3.26404040331914,13481538349.276,10654.7904725398,3.95002320784845,10799.8734442654,12672094028.6911,3.2160538314458,6.42999982833862,98.0871798050983,46.0962669509066,51.9909128541917,3.12514163157275,6.19999980926514,148.0645463,0.00237399181803154,0.162491818266823,14.5624311314736,4.83458995819092,89.375,0
MEX,2018,Latin America & Caribbean,Mexico,MEX,1943950,10.2368888088685,124013861,0.951668643927897,19.844,80.156,16.465,1.996,6,74.015,11.5944122524151,3.6493501909776,1255065357728.63,10120.3635433028,1.22705012273423,9841.46921787817,994369023951.614,4.89935015356549,3.27999997138977,80.5593842287784,39.2575517289021,41.3018324998763,3.09551595718239,12.8100004196167,96.89668563,2.97246357186155,0.477494205142032,11.5703277782178,4.2542200088501,88.75,0
FSM,2018,East Asia & Pacific,"Micronesia, Fed. Sts.",FSM,700,2.85714285714286,110929,0.450852095694507,77.297,22.703,21.2,2.84,6,71.318,7.76886172825404,1.53251180293827,328598163.580178,2962.23858125628,-0.239135779985418,NA,NA,1.79400375972253,NA,100.851461800905,35.4747304458985,65.3767313550068,NA,NA,NA,0.0164155877890267,NA,NA,9.69705009460449,61.25,0
MDA,2018,Europe & Central Asia,Moldova,MDA,32885.3,51.1383505700115,2707203,-1.75700442074845,57.371,42.629,13.443,1.809,7,70.492,18.509239469509,3.15454731760161,8830217598.87449,3261.7493401398,6.15025330568348,3419.06427653829,8178548314.07695,3.04505397337073,4.1100001335144,85.8662252131962,30.138704886374,55.7275203268222,2.56086803365294,24.4599990844727,115.7581058,0.25759012129179,0.326375109622501,15.1910906097822,5.43973016738892,87.5,1
MCO,2018,Europe & Central Asia,Monaco,MCO,2.027,NA,37029,-0.0405005878121066,0,100,5.9,NA,6,NA,67.5972752606048,NA,6623286014.83072,178867.536655884,5.99919202321138,NA,NA,NA,NA,NA,NA,NA,NA,NA,88.27945664,0,NA,NA,NA,NA,NA
MNG,2018,East Asia & Pacific,Mongolia,MNG,1557255,0.852397327348443,3163991,2.17135597977155,31.555,68.445,23.836,2.923,6,71.199,6.18681701975089,6.81101786859081,13422599495.6528,4242.3001505544,5.43057257321958,3844.90277591577,10530339649.6275,6.82424790145521,5.38000011444092,126.355873240656,58.1647822763909,68.1910909642654,14.8088800078253,26.6599998474121,133.4403606,19.9697105203686,0.730921185734901,12.6929848142403,9.85983848571777,85,1
MNE,2018,Europe & Central Asia,Montenegro,MNE,13450,0.684014869888476,622227,-0.0234613531527775,33.187,66.813,11.7,1.76,6,76.8414634146342,22.7915544096488,4.01782629169097,4593139638.0191,7381.77487961644,5.10254439807166,7473.40472723576,4472753415.72393,2.61122378263797,15.1700000762939,109.609296759902,42.8750002680603,66.7342964918413,8.81920659816217,8.02000045776367,179.6504897,0.829253650521397,1.36929476410929,18.5044594510554,NA,78.75,1
MAR,2018,Middle East & North Africa,Morocco,MAR,446300,17.5939305399955,35927511,1.1178970270223,37.547,62.453,18.813,2.415,6,73.986,10.0033944933212,1.80808514913468,120178230514.273,3296.21044921875,1.89944589579329,3246.76416015625,97383246590.5556,1.8039167114189,9.26500034332275,77.2548875243989,33.8284373726717,43.4264501517272,2.78337877531639,34.1500015258789,124.1715549,2.94353074572458,3.11858755477666,17.9957615100603,5.34884977340698,75.625,0
MOZ,2018,Sub-Saharan Africa,Mozambique,MOZ,786380,7.18482158752766,29423878,2.94688715052533,64.012,35.988,37.753,4.852,6,60.526,4.84958859340586,0.236202712955279,17772233412.3772,604.007174458011,0.439919452789667,592.419370540695,13721320232.2286,3.91133439990733,3.45600008964539,127.204156877743,44.8700028830136,82.334153994729,11.3035749271238,70.5899963378906,47.83274319,15.9856765475251,1.33533654635569,21.8375105412456,5.45218992233276,82.5,0
MMR,2018,East Asia & Pacific,Myanmar,MMR,652700,16.9760992799142,52666014,0.719693108790769,69.421,30.579,17.869,2.213,5,66.465,8.89090484219789,0.625450762738737,78394969160.3623,1488.53051913825,5.64193710339565,1450.32823544515,61879031713.267,6.87232865662918,0.870000004768372,62.4489070251423,28.3597133642041,34.0891936609382,2.63340940138882,48.1699981689453,116.0975729,7.12207884830952,2.30745700609346,18.398604533914,2.15748000144959,58.75,0
NAM,2018,Sub-Saharan Africa,Namibia,NAM,823290,0.971711061715799,2405680,1.72516455160384,49.968,50.032,29.008,3.462,7,62.586,6.52319598546913,1.75833860657839,11341482623.4791,4714.46020396689,-0.668554293044139,4529.33141556763,10197225026.193,4.29159105337873,19.8799991607666,81.7138667830376,35.8825652093665,45.8313015736711,1.71299267783656,22.5900001525879,114.6990872,1.22264695600037,3.14065956263564,25.3675244505714,8.88111972808838,86.25,0
NRU,2018,East Asia & Pacific,Nauru,NRU,20,NA,11924,2.05039801977074,0,100,NA,NA,6,NA,3.17910871416406,5.03186838803216,89620006.418409,7515.93478852809,3.94428944289442,NA,NA,NA,NA,148.125,57.5,90.625,NA,NA,NA,0,NA,NA,5.87716007232666,NA,NA
NPL,2018,South Asia,Nepal,NPL,143350,14.7450296477154,28506712,1.1405493652354,80.26,19.74,21.026,2.104,5,68.979,9.34764513762244,0.532856948931301,28695046273.6935,1006.60666420222,6.40186328661876,1013.72116059327,28342025386.3133,4.0611633875107,3.19300007820129,48.4473869459091,7.81564102212329,40.6317459237858,0.206157197973827,65.0800018310547,137.4358818,0.424053404510777,1.53923402794861,8.06153627657621,3.66440558433533,71.875,0
NLD,2018,Europe & Central Asia,Netherlands,NLD,33670,30.3237303237303,17231624,0.583933408920832,8.51000000000001,91.49,9.8,1.59,6,81.8121951219512,29.1364532974932,8.78385000800575,824133764145.055,47826.8191172843,1.76493726416223,47596.6796040945,694006360007.149,1.70349794744475,3.82999992370605,158.823210208957,84.6834636757465,74.1397465332105,-37.6760391516287,2.09999990463257,122.1100816,0.367230959903942,1.2166741818661,24.3687555475738,5.35764980316162,97.5,0
NCL,2018,East Asia & Pacific,New Caledonia,NCL,18280,0.326586433260394,271170,0.1328462500256,29.317,70.683,15.152,2.076,6,80.0030975609756,14.4963320611946,NA,NA,NA,NA,NA,NA,NA,14.8470001220703,NA,NA,NA,-2.53105472531795,1.92999994754791,NA,0.943151461470597,NA,NA,NA,NA,NA
NZL,2018,East Asia & Pacific,New Zealand,NZL,263310,1.96916182446546,4900600,1.79124016759035,13.462,86.538,11.84,1.71,5,81.8585365853659,22.9964765360895,6.60327319315015,197813678062.728,40365.1957031236,1.52429074276506,39905.2015982578,165514299890.397,1.59829703801698,4.32999992370605,55.7877692792343,27.8715229150548,27.9162463641795,1.18728563942506,5.90999984741211,130.5976242,1.44567183337484,1.20997891499675,18.2226836028166,6.04850006103516,94.375,1
NIC,2018,Latin America & Caribbean,Nicaragua,NIC,120340,12.4979225527672,6572233,1.40510472256985,41.478,58.522,21.704,2.404,6,73.85,7.50544073641975,0.77751353817103,13487098742.5056,2052.13338335777,-4.71205183080173,1949.01567728269,11384507325.5177,4.94723728039882,5.19999980926514,93.9844958976905,42.2771467780081,51.7073491196823,6.43059172530585,30.3299999237061,113.2267851,1.9993450792517,0.622743176013952,14.8026219743642,4.46999979019165,86.25,0
NER,2018,Sub-Saharan Africa,Niger,NER,1266700,13.9733164916713,22577058,3.78759649907003,83.575,16.425,46.127,7.023,7,62.454,4.98754059023557,0.0863708658445985,11527239152.5743,510.573129261318,3.22603030698782,534.561565057502,11761014132.3548,2.96760366004454,0.545000016689301,38.134113223509,11.8352698611252,26.2988433623838,3.63849343946544,72.8600006103516,NA,6.71196142940672,2.47194055775459,15.2088304647425,3.457279920578,56.875,0
NGA,2018,Sub-Saharan Africa,Nigeria,NGA,910770,38.4290215971101,198387623,2.49664490408847,49.656,50.344,38.248,5.447,6,52.554,5.66849796081102,0.553915600821771,498365774952.982,2512.0809827586,-0.590389271670531,2407.91070264568,367055981026.782,12.0947315505318,8.45600032806396,33.0078334908649,15.4968891804996,17.5109443103654,0.183821513697819,35.5299987792969,87.06722748,11.4768227353323,0.506944514455417,5.60432946025276,NA,63.125,0
MKD,2018,Europe & Central Asia,North Macedonia,MKD,25220,16.5741475019826,2076217,0.0826362901268217,42.037,57.963,10.3,1.42,6,76.6487804878049,19.8097945977744,3.51601021990228,10764550800.8128,5184.69447115249,2.79561511891441,4955.38615154688,9149085790.83081,1.45831298507127,20.7399997711182,133.215207648008,60.3751373173263,72.8400703306813,5.11494789384992,15.7200002670288,93.16855383,0.5741380328641,0.943108732670231,14.2837255892918,NA,85,0
MNP,2018,East Asia & Pacific,Northern Mariana Islands,MNP,460,0.173913043478261,50304,-0.841314237571621,8.38200000000001,91.618,NA,NA,NA,NA,10.1763367463026,NA,1168109090.90909,23220.9981494333,-18.66358708133,NA,NA,NA,NA,108.909370199693,50.7680491551459,58.1413210445469,NA,NA,NA,0,NA,NA,NA,NA,NA
NOR,2018,Europe & Central Asia,Norway,NOR,365108,2.1999244059292,5311916,0.660090844249,17.752,82.248,10.4,1.56,6,82.7585365853659,26.1778356134989,7.07654265477615,403459047225.38,75953.5819514803,0.453550486030423,80047.1715434171,328262508008.973,2.76483134528794,3.79999995231628,70.2096288584372,37.9716930695855,32.2379357888517,-1.29618383212857,2.10999989509583,107.6910276,8.06415945300435,1.72624440755227,23.245195419117,7.64411020278931,96.875,1
OMN,2018,Middle East & North Africa,Oman,OMN,309500,0.247689822294023,4601157,1.29724948709333,15.461,84.539,19.816,2.883,6,77.966,3.43530351624274,16.4306496114175,84001727416.2074,18256.6531453301,-0.0183566727402678,17218.8128113694,52018109211.117,0.881302104009536,1.79999995231628,89.2792178262847,50.6213051386994,38.6579126875853,6.49272396543883,4.1399998664856,139.9674164,28.973961933891,9.5429582801597,21.5586630286494,5.20723009109497,35.625,0
PAK,2018,South Asia,Pakistan,PAK,770880,40.4213366542134,219731479,1.5371724033626,63.334,36.666,28.594,3.685,5,66.482,6.97140335284348,0.852449537094291,316506802375.214,1440.42539473925,4.53244520613151,1418.03504765545,262447830033.765,5.07805725868917,4.07999992370605,27.6260563651623,8.58179970762808,19.0442566575342,0.4877456708772,37.4199981689453,70.07944774,1.23264105069339,4.12913136448543,10.9936256389097,2.59740662574768,52.5,0
PLW,2018,East Asia & Pacific,Palau,PLW,460,0.652173913043478,17864,0.151256296169056,20.07,79.93,14,NA,6,NA,11.8482290762799,13.9946260635916,269084659.603083,15062.9567623759,-0.0431972500937974,NA,NA,2.10970464135021,NA,NA,NA,NA,7.54650754650755,NA,NA,0,NA,NA,6.53000020980835,56.25,0
PAN,2018,Latin America & Caribbean,Panama,PAN,74180,7.61660825020221,4165255,1.67512297561619,32.291,67.709,18.814,2.441,6,77.863,12.2172596060703,2.41521837669403,62154476591.9662,14922.1299997158,1.9630378470624399,13889.6686380284,52070124876.256,0.761578359399943,3.83299994468689,89.9905187788583,42.7909700382261,47.1995487406321,8.1122907828657,14.210000038147,137.3834585,0.0992421549959882,NA,11.5448205281429,2.8829300403595,79.375,0
PNG,2018,East Asia & Pacific,Papua New Guinea,PNG,452860,0.662456388287771,9329227,2.325313321969,86.831,13.169,26.834,3.382,7,65.182,4.72712031592559,0.810356521797523,23659798307.4477,2536.09418094851,-2.57131996144417,NA,NA,4.37448921453166,2.56399989128113,NA,NA,NA,4.70620740433816,57.3199996948242,46.09170728,17.1053901657853,0.376216770473365,NA,1.8748300075531,60,0
PRY,2018,Latin America & Caribbean,Paraguay,PRY,397300,11.9154291467405,6443328,1.37397022115058,38.415,61.585,21.664,2.561,6,73.568,9.19141764320289,1.31453811865992,40841122661.179,6338.51367820775,1.79595163131663,6124.94947702548,36481702448.1096,3.97561015740691,6.21999979019165,72.5285860685284,36.9452303590837,35.5833557094447,0.481848415666394,20.0799999237061,115.4634996,1.43889960075492,0.961156152749535,11.5202342968007,3.28320002555847,94.375,0
PER,2018,Latin America & Caribbean,Peru,PER,1280000,2.97996171875,32203944,1.87582164020533,22.093,77.907,18.092,2.26,6,76.009,12.5299879029583,1.69513399205352,210307952165.865,6530.50297708457,2.03724979302511,6202.99625349754,175306313239.263,1.50915423024742,3.49000000953674,48.631470171736,25.1921846722472,23.4392854994888,2.63824378661164,27.7900009155273,130.8994047,5.9419462303086,1.17498635616252,13.0774424949562,3.71429991722107,95,0
PHL,2018,East Asia & Pacific,Philippines,PHL,298170,18.7476942683704,108568836,1.70024776555145,53.093,46.907,22.445,2.831,6,71.689,7.77794683798807,1.27633317653161,373379468921.017,3439.10354644511,4.54870091836248,3801.58472798827,369285620031.304,5.30934661627714,2.33999991416931,72.1633982990273,30.2136053733275,41.9497929256998,2.86833662667894,24.2900009155273,123.9757392,1.04241799085524,0.819584673820235,12.0427836518839,3.86405324935913,78.75,0
POL,2018,Europe & Central Asia,Poland,POL,306170,35.9571479896789,37974750,-2.00132782838419e-4,39.942,60.058,10.2,1.46,7,77.6024390243903,25.5522626537366,8.21361572260802,547154795065.659,14408.384388723,5.94542050836115,13801.8093741955,459196554470.98,1.81295156542681,3.84999990463257,103.450495789807,52.7480289263233,50.702466863484,2.99329514236028,9.61999988555908,125.3471416,2.72129548833106,2.04957212987643,17.6506908515659,4.61579990386963,93.75,1
PRT,2018,Europe & Central Asia,Portugal,PRT,91605.6,10.1918681827312,10283822,-0.160104021146769,34.789,65.211,8.5,1.42,6,81.3243902439024,33.659711648752,4.81338552923222,216552789892.193,21057.6174784232,3.01412372965098,20563.0324345406,172981777041.241,0.99371568346825,6.98999977111816,86.4287609308408,43.4457190264876,42.9830419043532,3.23799499125135,6.03999996185303,115.2549871,0.198621926825502,1.7647076827445,16.9771278210589,4.67515993118286,97.5,1
PRI,2018,Latin America & Caribbean,Puerto Rico,PRI,8870,5.65952649379932,3193354,-4.0483910336329,6.422,93.578,6.7,1.035,6,79.77,31.472610576872,NA,94801759550.0068,29687.2064763276,-0.409307043581293,19808.6005075476,NA,NA,9.19999980926514,106.001103428056,59.9538818579193,46.0472215701365,NA,1.10000002384186,100.3319104,0,NA,7.97618021733769,3.64990758895874,81.25,0
QAT,2018,Middle East & North Africa,Qatar,QAT,11490,1.82767624020888,2766732,2.00708135491804,0.864999999999995,99.135,10.598,1.848,6,80.898,1.33040809912865,31.2354063093011,166227185730.265,60080.696551117,-0.776739175354805,NA,NA,0.255815382724374,0.109999999403954,91.838448978201,55.9418631716143,35.8965858065867,-1.19249695201383,1.21000003814697,142.6223429,20.2096111841933,NA,16.2809888444084,NA,29.375,0
ROU,2018,Europe & Central Asia,Romania,ROU,230080,37.7520862308762,19473970,-0.587493307403584,46.002,53.998,10.4,1.76,6,75.3585365853659,27.1559802512019,3.86105156993701,209897450635.31,10778.3595556176,6.65376580785784,10569.1866598039,168051339946.714,4.62548443137781,4.19000005722046,86.470670301064,41.5417472926055,44.9289230084585,3.01810302367972,22.3099994659424,115.4396415,1.12220304206855,1.80524172597542,16.6605877889005,3.34474992752075,90.625,1
RUS,2018,Europe & Central Asia,Russian Federation,RUS,16376870,7.42809828740168,144477859,-0.0130668924933287,25.567,74.433,10.9,1.579,7,72.6621951219512,21.4291839797377,11.4965712497165,1430115105089.32,9739.900390625,2.81552410737709,9470.244140625,1135423734650.32,2.87829723647886,4.84999990463257,51.5809003703964,30.7932568020743,20.7876435683221,0.530060511511943,5.88000011444092,157.431312,15.3405518247651,3.69251875943369,17.7103783204011,4.67819976806641,73.125,1
RWA,2018,Sub-Saharan Africa,Rwanda,RWA,24670,46.6842318605594,12531808,2.43503841544025,82.789,17.211,31.158,3.994,7,66.251,5.30105012473943,0.102938056651764,10216367625.9573,815.234930662625,5.9674174316999,786.07654856567,8147183370.31433,-0.311210160390642,1.11099994182587,55.7578896987393,21.0980867012355,34.6598029975038,3.79771397053202,63.3499984741211,77.40789677,4.52574707915166,1.25174035173425,14.7310708533089,3.07375001907349,78.125,0
WSM,2018,East Asia & Pacific,Samoa,WSM,2780,4.44244604316547,209701,0.992505709183727,81.757,18.243,28.222,4.109,5,72.636,8.51678245584666,1.38292135781589,896973258.520993,4277.39142169562,-1.59122287483045,4131.64353493655,744000364.84674,4.19745888663745,8.68599987030029,78.9349676190658,31.9656764793989,46.9692911396669,1.90263926906935,30.8500003814697,47.68694475,0.28196472221179403,NA,13.4088642552028,4.53214979171753,75,0
SMR,2018,Europe & Central Asia,San Marino,SMR,60,33.0833333333333,34156,0.293203751950861,2.774,97.226,6.8,NA,6,NA,28.5482882409596,NA,1478180472.37724,43277.3296749396,1.19675721734758,NA,NA,NA,NA,309.487956436918,166.597497668983,142.890458767935,NA,NA,112.7181169,0,NA,19.4112752308576,3.55516004562378,80,0
STP,2018,Sub-Saharan Africa,Sao Tome and Principe,STP,960,4.16666666666667,211344,1.57759960331955,27.197,72.803,29.535,4.044,6,68.355,6.75024191318773,0.662427135835633,351971392.289827,1665.39571641412,1.33394826772522,NA,NA,7.85706431333533,14.0609998703003,NA,NA,NA,5.74847846816378,19.6100006103516,76.9409115,2.24055896585385,NA,NA,5.23510980606079,68.75,0
SAU,2018,Middle East & North Africa,Saudi Arabia,SAU,2149690,1.59577283236188,35018133,2.38415003117342,16.156,83.844,18.703,2.546,6,77.212,3.21141782336272,14.8854312069014,676867966014.77,19329.0706279164,0.0989795177574422,19571.8797881063,564358059949.967,2.45814158007533,6.03999996185303,64.2321422510771,38.5653693884461,25.666772862631,0.520110011812292,2.51999998092651,117.9691219,30.0861755204569,9.48635565893277,24.0428694115069,7.08581018447876,38.125,0
SEN,2018,Sub-Saharan Africa,Senegal,SEN,192530,16.6207863709552,15574909,2.71464328183934,52.808,47.192,33.955,4.584,6,68.097,5.830789783585,0.653615395452763,21565674237.7591,1384.64206999598,3.36482160369758,1348.25617804914,19025966633.8956,0.46098564246427,3.27500009536743,61.7893101353561,22.9488948770268,38.8404152583293,3.66762694717928,30.8299999237061,106.3244864,2.77622995403465,1.65824007839249,13.7845127022944,4.85822010040283,63.75,0
SRB,2018,Europe & Central Asia,Serbia,SRB,87460,29.5335010290418,6982604,-0.546351968633598,43.908,56.092,9.2,1.49,7,75.890243902439,30.7952608654225,6.60641804520422,43721764447.4752,6261.52713908381,5.0675948814029,5940.98075526601,35483315678.3291,1.95984076293803,12.7299995422363,109.494865710998,50.4345612977047,59.0603044132937,8.04076379354097,15.9300003051758,121.0748239,1.56096653563067,1.61493759611063,16.5396316552388,3.58231997489929,93.75,1
SYC,2018,Sub-Saharan Africa,Seychelles,SYC,460,0.326086956521739,96762,0.954291917891324,43.309,56.691,17.1,2.41,6,72.8414634146341,10.3876384423008,5.99408841601764,1608971156.22993,16628.1304254762,2.2187494646011,15422.3561146054,1250395766.98155,3.70291839111564,NA,202.504953235308,94.9176071590175,107.587346076291,18.8023220475274,NA,173.563787,0.127704605497036,1.38004626804357,24.959912840631,4.49883985519409,76.25,0
SLE,2018,Sub-Saharan Africa,Sierra Leone,SLE,72180,21.9451371571072,7861281,2.36471306664028,57.945,42.055,33.099,4.294,6,59.796,5.57493541219584,0.109396930895247,4823284725.67196,613.549461680858,1.0466625132383,566.010889256934,4337192027.05364,16.0295447693699,4.65999984741211,56.6958306351663,17.4672993262746,39.2285313088917,6.13069806263831,55.3600006103516,80.84116316,8.04777172255309,0.751992568713766,9.2405640383603,6.98963022232056,63.125,0
SGP,2018,East Asia & Pacific,Singapore,SGP,714,0.784313725490196,5638676,0.469704298714121,0,100,8.8,1.14,6,83.2975609756098,14.7171631101804,8.40622896684947,346066118708.176,61373.6484785038,3.17554509933274,NA,NA,0.438620118446782,3.64299988746643,324.32041134713,176.592144152422,147.728267194708,21.533406610475,0.0599999986588955,147.3617155,1.88248462579171e-4,2.83550081526403,9.97348843676173,2.85597991943359,82.5,1
SXM,2018,Latin America & Caribbean,Sint Maarten (Dutch part),SXM,34,NA,40895,0.788033880779993,0,100,NA,NA,6,NA,9.75686176212558,NA,1108000833.9583,27093.797137995,-7.33312894472255,26571.8135449205,NA,NA,NA,171.72478793591,67.4835061262959,104.241281809614,-4.04184728652215,NA,NA,0,NA,NA,NA,NA,NA
SVK,2018,Europe & Central Asia,Slovak Republic,SVK,48080,28.0366056572379,5446771,0.138508159611326,46.274,53.726,10.6,1.54,6,77.2658536585366,23.0375467308184,6.05863547411852,97051840806.3988,17818.2341072167,3.88639887857198,17283.6779806009,77523577997.3919,2.51403712883808,6.53999996185303,189.804029706115,95.8358511444373,93.9681785616781,2.12068480983264,2.28999996185303,132.9546485,0.285819392817607,1.22777555717137,18.6489193348343,3.97256994247437,94.375,1
SVN,2018,Europe & Central Asia,Slovenia,SVN,20136.4,9.02743290757037,2073894,0.362584395134764,45.459,54.541,9.4,1.6,6,81.3780487804878,29.2858968746235,6.78433887885504,48702350150.2586,23483.529124564,4.07631630530021,23142.9404765873,38721371229.32,1.73860861988181,5.1100001335144,161.142403438809,84.7926764008035,76.3497270380054,2.83905082015686,5.48000001907349,117.0914525,0.258801603034546,0.978114789415905,18.2469006361666,4.93587017059326,93.75,1
SLB,2018,East Asia & Pacific,Solomon Islands,SLB,27990,0.714540907466953,659249,2.39710667907408,76.251,23.749,31.219,4.157,6,70.173,6.11562888898425,0.546075935352371,1462091791.16342,2217.81419640139,0.312349382868433,2187.9218415871,1347539070.92319,3.46147484973745,0.723999977111816,88.4946797331694,42.1262386063781,46.3684411267913,1.547066547381,37.9099998474121,73.11789627,22.9203770195915,NA,26.832514730951,10.8100004196167,56.875,0
SOM,2018,Sub-Saharan Africa,Somalia,SOM,627340,1.75343513884018,15411094,3.61305895751929,55.029,44.971,44.992,6.632,6,56.375,5.17353957121736,0.0428262929436446,6372546886.45928,413.503861987947,3.71516073543454,NA,NA,NA,18.8500003814697,106.574453551913,19.108606557377,87.4658469945356,6.96721310735148,80.4899978637695,49.6592909,13.4014161781294,NA,8.452868852459,0.230991214513779,46.875,0
ZAF,2018,Sub-Saharan Africa,South Africa,ZAF,1213090,9.89209374407505,57339635,1.22553003994341,33.645,66.355,21.137,2.418,7,65.674,8.94246338221282,7.57503960573722,358429917588.125,6250.99754451043,0.285735634702661,6139.05177723219,297328291843.114,4.51716522786587,26.9099998474121,54.6277115835609,27.562640211307,27.0650713722539,1.37803508753579,5.15999984741211,161.1938374,3.39716474656177,0.984961398491524,19.4109659176381,5.64401006698608,88.125,0
SSD,2018,Sub-Saharan Africa,South Sudan,SSD,631930,3.79266690930958,10395329,-2.49754177378349,80.385,19.615,30.147,4.696,6,55.95,5.31236806567482,0.14910542536136,NA,NA,NA,NA,NA,83.5015294921999,12.2370004653931,NA,NA,NA,NA,60.8400001525879,18.43380633,NA,3.64989257499063,NA,NA,67.5,0
ESP,2018,Europe & Central Asia,Spain,ESP,499603.479,23.7873681820378,46797754,0.437982993728698,19.679,80.321,7.9,1.26,6,83.4317073170732,29.299254268821,5.49257147137707,1298163367417.97,27739.8647682529,1.83746046437267,27713.5468077517,1096099686288.76,1.67498136863794,15.25,67.5749402546311,35.1450626692993,32.4298775853318,4.12365956451029,4.19999980926514,115.7483421,0.0633216571876535,1.2549592398644,18.7144009389804,4.18157005310059,97.5,0
LKA,2018,South Asia,Sri Lanka,LKA,61864,22.1712142764774,21670000,1.04839295829763,81.524,18.476,14.805,2.031,5,75.748,15.337108089879,1.00092295957811,97422055053.5159,4495.71089310179,1.24307553139262,4381.35480971246,81874888281.0419,2.13503773713198,4.32000017166138,49.8093967520437,21.4462486145463,28.3631481374973,1.70809428811004,25.5,140.3243174,0.0696352079024354,1.84297753096693,8.60915689735112,2.13539004325867,65.625,0
KNA,2018,Latin America & Caribbean,St. Kitts and Nevis,KNA,260,19.2307692307692,47761,-0.0502375829542933,69.224,30.776,NA,NA,5,NA,11.7970750080923,5.23439626473483,1015143615.46214,21254.6557957777,2.10374620810165,NA,NA,-1.03712214131567,NA,NA,NA,NA,3.7191339936137,NA,149.9005465,0,NA,NA,4.42000007629395,71.25,0
LCA,2018,Latin America & Caribbean,St. Lucia,LCA,610,4.37704918032787,177888,0.40839260143256,81.322,18.678,11.986,1.436,5,73.357,11.8743621902484,2.9794026094496,1994408431.58142,11211.596237978,2.46151969816634,NA,NA,1.93561893150608,19.0799999237061,NA,NA,NA,2.21296537740549,11.3500003814697,103.9665407,0.0119087751721293,NA,NA,3.33566999435425,83.75,0
MAF,2018,Latin America & Caribbean,St. Martin (French part),MAF,50,NA,33852,-1.88452934786726,NA,NA,17.022,2.517,NA,80.614,12.9996462681288,NA,NA,NA,NA,NA,NA,NA,NA,NA,NA,NA,NA,NA,NA,NA,NA,NA,NA,NA,NA
VCT,2018,Latin America & Caribbean,St. Vincent and the Grenadines,VCT,390,5.12820512820513,105281,-0.254233405445762,47.802,52.198,13.708,1.873,5,74.128,15.3046757592083,2.37459750572278,858290512.067805,8152.37803656695,3.31466977163954,NA,NA,2.32414485367923,19.1800003051758,NA,NA,NA,4.70252896026111,10.3199996948242,106.8037614,0.0226958090698169,NA,NA,5.69377994537354,68.125,0
SDN,2018,Sub-Saharan Africa,Sudan,SDN,1868000,11.2392077087794,41999059,3.19148702209797,65.358,34.642,35.236,4.681,6,65.681,5.61628351085536,0.496677809146905,86181657628.7571,2051.990234375,-5.73781228362907,1932.80090332031,70011039162.5717,63.2925073455883,17.5799999237061,1.29505355246102,0.611168056311933,0.683885496149084,3.51269523880448,38.9500007629395,71.66925335,9.16872579888989,1.78345741926471,23.0275660794121,NA,29.375,0
SUR,2018,Latin America & Caribbean,Suriname,SUR,156000,0.397435897435897,593715,1.04227397350428,33.94,66.06,18.577,2.418,6,72.553,10.2631585684624,3.72232474865376,5195551913.67858,8750.91906668785,3.86010294966586,NA,NA,NA,7.92600011825562,NA,NA,NA,3.27712853284423,8.02000045776367,126.7057876,8.61895920970174,NA,NA,4.92254018783569,63.125,0
SWE,2018,Europe & Central Asia,Sweden,SWE,407310.64,6.24091234149935,10175214,1.16164515996039,12.569,87.431,11.4,1.76,7,82.5585365853659,31.8570930726772,3.53899174224082,539113433181.757,52983.0068617482,0.772577449000039,53574.6001119233,452909154978.73,1.95353530127029,6.3600001335144,89.1311983954621,45.6830615126713,43.4481368827908,-0.246421087777435,1.73000001907349,124.246327,1.03333917364735,1.03224609210767,26.0593881166604,7.64084005355835,100,1
CHE,2018,Europe & Central Asia,Switzerland,CHE,39516.03,10.0753770052305,8514329,0.736633975172522,26.203,73.797,10.3,1.52,7,83.7536585365854,27.5540630207264,4.4019909898051,738674253452.249,86756.6021294513,2.10552472012415,82486.0908350706,540167724454.153,0.936335464113605,4.71000003814697,124.428504325808,67.4781861031999,56.950318222608,-22.1051198346507,3.02999997138977,126.7095617,0.0126068854188575,0.644026518911441,11.2649207517523,4.86325979232788,85.625,0
SYR,2018,Middle East & North Africa,Syrian Arab Republic,SYR,183630,25.3880084953439,19333463,1.82739379772332,45.838,54.162,18.155,2.886,6,70.145,7.77532835339852,1.41671460460283,15515201936.7427,802.505062685495,-0.442849729031707,NA,NA,NA,8.75500011444092,50.6590991144828,14.9170277126093,35.7420714018735,NA,10.6599998474121,88.60117817,3.30525873293074,NA,15.9632633383117,NA,36.875,0
TJK,2018,Europe & Central Asia,Tajikistan,TJK,138790,6.0479861661503,9128132,2.24459239892603,72.866,27.134,28.688,3.294,7,70.353,5.1352073576446,0.950906527773238,10189549329.2933,1116.27979627083,5.21101724745934,NA,NA,NA,7.01200008392334,55.8461114113303,14.3754784742862,41.470632937044,2.84432481729144,45.7599983215332,109.5514394,5.32801444002246,1.08230201615246,11.2210663784563,5.55836009979248,78.75,1
TZA,2018,Sub-Saharan Africa,Tanzania,TZA,885800,14.8337096410025,58090443,3.18923717091341,66.224,33.776,37.525,4.923,7,66.535,5.90637488504621,0.206574427397636,57011861844.5483,1011.08264160156,2.1406131143807,NA,48966830277.2196,3.49445848856184,2.20600008964539,32.642609983094,14.7391434287158,17.9034665543783,1.70441060169976,65.6699981689453,74.87851487,3.54441400658387,1.05523659705002,8.11258644436051,3.69643998146057,81.25,0
THA,2018,East Asia & Pacific,Thailand,THA,510890,32.9033647164752,71127802,0.323321354607029,50.051,49.949,9.662,1.378,6,78.662,17.7959987952682,3.61391721050187,450683024911.935,6336.24282262982,3.88643966054494,NA,NA,1.06389754183022,0.769999980926514,120.841864730984,64.838096899332,56.0037678316517,2.60211315231686,32.1399993896484,175.8777812,2.14370578269454,1.35757399741359,16.1739664282364,3.19860005378723,75,0
TLS,2018,East Asia & Pacific,Timor-Leste,TLS,14870,7.5857431069267,1261845,1.48580822686323,69.422,30.578,25.921,3.452,6,68.017,9.54703842396163,0.483419131751614,1586955335.65162,1257.64680737461,-2.1549003033646,1793.90309076757,1169149028.26217,2.29424307036244,4.73099994659424,64.4917732414056,2.91672164093803,61.5750516004676,3.06452036802237,40.5400009155273,116.3766548,72.2152455277379,0.762205692726996,56.265514573698,4.81987905502319,86.25,0
TGO,2018,Sub-Saharan Africa,Togo,TGO,54390,48.7221915793344,8046679,2.43899403472361,58.298,41.702,33.186,4.442,6,60.244,5.32013335557551,0.287074946419453,4834325004.35888,600.785119470887,2.44682077520071,603.423782793178,4589364862.74029,0.928170503538593,3.72900009155273,56.6889341889665,23.943475257357,32.7454589316095,-2.54453890986984,33.0999984741211,76.36078188,4.68711548831456,1.96333243100018,14.9382766051538,4.04394006729126,84.375,0
TON,2018,East Asia & Pacific,Tonga,TON,720,27.7777777777778,105150,-0.251703882324793,76.869,23.131,23.625,3.349,6,70.779,10.5002703721304,1.52163572442911,482355982.172501,4587.31319232051,0.493856827697542,4861.41018845149,469883122.974416,5.03209691984875,3.0699999332428,87.5947736062266,21.4120288357904,66.1827447704362,4.07264125379581,19.8500003814697,102.6514503,0.0390064857207817,NA,19.2210010479639,6.3729100227356,58.75,0
TTO,2018,Latin America & Caribbean,Trinidad and Tobago,TTO,5130,4.87329434697856,1504709,1.74990956858395,46.816,53.184,12.557,1.651,5,73.802,13.7347861070262,11.816238679137,23649372146.0016,15716.9074857674,-2.59054684579243,NA,NA,1.01856930188828,3.33699989318848,NA,NA,NA,-2.87877380726422,3.10999989509583,131.0947831,10.40056034365,0.687787710419977,NA,3.30403995513916,75,0
TUN,2018,Middle East & North Africa,Tunisia,TUN,155360,16.5390061791967,11933041,1.02422998971065,31.055,68.945,17.737,2.174,6,75.95,12.0723111595042,2.50480991305137,48556898517.0947,4069.11352412974,1.54496811636049,3970.57990825579,45354706815.3388,7.3075917603165,15.460000038147,103.871824260635,45.4857481712255,58.3860760894097,2.31678663612885,14.2799997329712,123.7705691,2.61514271805036,2.11338486121235,18.3880232419204,NA,64.375,0
TUR,2018,Europe & Central Asia,Turkiye,TUR,769630,25.6265997947065,82809304,0.872633549513093,24.857,75.143,16.481,2.054,6,77.563,11.1396376169099,4.97202598135987,988642300436.943,11938.7828744092,2.08515775401123,NA,NA,16.3324638988929,10.8900003433228,62.5543694785493,31.1528780813097,31.4014913972396,1.60635213481222,18.4300003051758,96.74999684,0.523041074683522,2.52369540945235,14.6846310458618,4.29406976699829,82.5,0
TKM,2018,Europe & Central Asia,Turkmenistan,TKM,469930,4.12827442385036,6065066,1.60693880017627,48.407,51.593,23.845,2.786,6,68.796,6.78944390773938,12.0443871594733,43000964982.7593,7089.94180488049,4.50706954385672,NA,NA,NA,4.23400020599365,35.1596941385908,22.6638117732813,12.4958823653095,4.89948824038576,21.6900005340576,154.6067265,24.0313054646709,NA,NA,NA,NA,NA
TCA,2018,Latin America & Caribbean,Turks and Caicos Islands,TCA,950,1.05263157894737,41487,4.04082958677118,6.902,93.098,13.13,1.723,6,76.443,12.9099102062297,NA,1040500784.15735,25080.1644890531,1.42847026256436,NA,NA,NA,NA,NA,NA,NA,3.79337356649161,NA,NA,0.00275839005118342,NA,NA,2.7437698841095,NA,NA
TUV,2018,East Asia & Pacific,Tuvalu,TUV,30,NA,10865,0.341124195633829,37.613,62.387,23.508,3.209,6,64.212,9.02299692397832,0.920386541783947,40284457.598553,3707.72734455159,1.40786849775152,NA,NA,NA,NA,NA,NA,NA,0.6249951575,NA,78.2328578,0,NA,NA,NA,NA,NA
UGA,2018,Sub-Saharan Africa,Uganda,UGA,200520,34.4105326152005,41515395,3.40127795850029,76.226,23.774,38.062,4.932,6,62.714,3.14303060451655,0.141152460033547,37204541627.5461,896.16253506792,2.74903045940084,831.541215163124,31508828735.409,2.61601190952264,1.92299997806549,36.6384056006915,15.0870530613121,21.5513525393794,3.20512811057536,72.4499969482422,58.94688705,7.92459984373384,1.22563154674203,8.6360727301436,2.13052010536194,70,0
UKR,2018,Europe & Central Asia,Ukraine,UKR,579400,56.7638936831205,44622518,-0.466425620896808,30.648,69.352,8.7,1.301,6,71.5826829268293,24.4631921954568,4.15978307448244,98783526699.9794,2336.97631835938,4.01638177635452,2362.11083984375,92379450961.0401,10.9518559353179,8.80000019073486,99.1998150718675,45.2352356625927,53.9645794092748,3.80087103565933,14.4200000762939,127.753861,2.60245701920966,3.19235326531891,20.7717491381349,5.3199200630188,79.375,0
ARE,2018,Middle East & North Africa,United Arab Emirates,ARE,71020,0.595606871303858,9140169,0.789450107726376,13.478,86.522,10.049,1.356,6,79.627,1.44767753596793,19.3781969586326,398914879841.349,43644.1470438183,0.517239888578146,43789.6615358221,356257671283.213,3.06863379251994,2.35199999809265,157.92057313586201,91.9947768689725,65.9257962668894,2.43186975983804,1.46000003814697,219.700673,17.2757891808594,NA,11.6854197578622,1.51074528694153,30,0
GBR,2018,Europe & Central Asia,United Kingdom,GBR,241930,24.9567536064151,66460344,0.605929132212552,16.602,83.398,11,1.68,5,81.2560975609756,28.7318124678028,5.42774817696291,3124044429026.19,47006.1429267683,1.09062395623573,46125.63038069,2601731898549.31,2.29283990345939,4,63.9997960517472,31.2349066704984,32.7648893812488,-0.870539117616634,1.07000005245209,118.7527408,0.661331867586336,1.91954919793228,18.4646404716767,5.16799020767212,97.5,1
USA,2018,North America,United States,USA,9147420,17.2438567377468,326838199,0.526435395564053,17.744,82.256,11.6,1.7295,6,78.6390243902439,23.4394842925266,15.2225476514566,19481973191000,59607.3936602496,2.40486787201,61024.3293012394,16706921476139,2.44258329692818,3.90000009536743,27.6103792720958,12.3609892157496,15.2493900563462,1.0457039920427,1.37000000476837,104.847944,0.671278035645954,3.31115856059771,13.9625188613509,4.91233015060425,91.25,1
URY,2018,Latin America & Caribbean,Uruguay,URY,175020,12.2945949034396,3427042,0.141387931879728,4.666,95.334,11.605,1.658,6,77.611,23.3103636160402,1.90835127257064,55319478843.3587,16142.0486948682,0.335943932037992,15201.8688443875,45486478225.4157,7.60653360377044,8.34000015258789,47.8253503398475,26.3964363013547,21.4289140384928,2.41709891356721,8.35999965667725,130.1172556,1.96853062704446,2.13394863623092,NA,4.66279983520508,88.75,0
UZB,2018,Europe & Central Asia,Uzbekistan,UZB,440587,9.12373719605889,32956100,1.73698637655233,49.522,50.478,23.3,2.604,7,71.149,6.98897641688455,3.41272180933736,100427399822.63,3047.30838365675,3.54079676338179,NA,NA,17.5241796514055,5.83500003814697,71.5261432002126,26.9618975737483,44.5642456264644,1.18686912904352,26.6499996185303,71.57614633,20.5272277328401,3.5554825523167,13.4625673116323,5.90000009536743,64.375,1
VUT,2018,East Asia & Pacific,Vanuatu,VUT,12190,1.64068908941756,297298,2.40302812734935,74.726,25.274,30.889,3.855,6,69.795,6.55195629248762,0.706361944727139,837068173.226615,2815.58629128556,0.456982334488742,2909.71958048354,885605866.969055,2.3309637956687,1.80900001525879,97.5499146588338,47.2154963680387,50.3344182907951,4.10866391285911,57.6399993896484,84.57103647,0.602038142323892,NA,16.9183900289763,NA,55.625,0
VEN,2018,Latin America & Caribbean,"Venezuela, RB",VEN,882050,2.94767870302137,29825653,-2.44354322482875,11.792,88.208,17.832,2.272,6,71.979,11.2016364332595,4.43007919668391,NA,NA,NA,NA,NA,NA,5.02199983596802,NA,NA,NA,NA,7.53999996185303,69.50784615,NA,0.150853892569221,NA,NA,85,0
VNM,2018,East Asia & Pacific,Vietnam,VNM,313429,22.1807809743195,94914330,0.932840031984421,64.081,35.919,15.873,1.937,6,73.976,11.2062663371353,3.00902936472834,293358576393.691,3090.77224054251,6.46717604423905,2925.73115236785,191667475615.063,3.53962805942641,1.1599999666214,164.663939808037,84.4234575852164,80.2404822228202,4.99828328892879,38.7000007629395,148.1748225,4.41172873879007,2.28456986005062,9.74588938117363,4.16744995117188,78.75,0
VIR,2018,Latin America & Caribbean,Virgin Islands (U.S.),VIR,350,2.57142857142857,107001,-0.261338011929093,4.279,95.721,12.6,2.06,6,79.5195121951219,30.3581408697491,NA,3764641408.75133,35183.2357524821,2.17142607924004,NA,NA,NA,12.4259996414185,159.2809790923,53.1361550229475,106.144824069352,NA,1.97000002861023,NA,0.311185799268817,NA,43.2177460479347,NA,NA,NA
PSE,2018,Middle East & North Africa,West Bank and Gaza,PSE,6020,11.5946843853821,4569087,2.5330114844554,23.836,76.164,30.126,3.712,6,74.793,5.80701405859129,NA,15616200000,3417.79440837962,-1.30481419195327,3987.20664482028,NA,-0.195107773730686,26.2600002288818,71.4012754506469,15.961564454493,55.439710996154,1.29446294401352,6.32000017166138,89.97575355,0,NA,21.9910792180185,5.31887006759644,38.125,0
YEM,2018,Middle East & North Africa,"Yemen, Rep.",YEM,527970,2.21035286095801,30790513,2.48635978893057,63.358,36.642,32.305,4.043,6,64.575,4.86535528163816,0.315681660355214,36789143267.3533,1194.82073154654,-1.72173475812296,NA,NA,NA,13.1450004577637,49.3034944229999,6.05657010178069,43.2469243212192,-1.30563838914082,28.3099994659424,49.68344957,4.60935600503207,NA,NA,NA,26.875,0
ZMB,2018,Sub-Saharan Africa,Zambia,ZMB,743390,5.11171794078478,17835893,3.06188780166712,56.479,43.521,36.04,4.536,7,62.342,3.14772629827833,0.4333957385298,23747586257.2512,1331.44924435525,0.897347460387692,NA,NA,7.49457192728511,12.0100002288818,74.8883695274665,37.9574045480394,36.9309649794271,1.55231396923024,50.1100006103516,86.73672801,11.5489519014515,1.4094623913248,12.7086628266733,4.73974990844727,78.75,0
ZWE,2018,Sub-Saharan Africa,Zimbabwe,ZWE,386850,10.3399250355435,15052184,2.02053728777103,67.791,32.209,32.074,3.659,6,61.414,5.9979818096682,0.822472015651742,22015178005.7886,1462.59027964238,2.90939513608366,1424.4011235226,10269816049.3316,10.6188658669575,4.7960000038147,54.5502703965288,26.1639731327864,28.3862972637424,2.10172108199503,66.0199966430664,85.76158782,6.08507468072819,0.309322838188878,10.3743063371739,3.86611008644104,86.875,0
