country,iso3c,CO2Emissions,PopDensity,MilitaryExpenditures,GDPPerCapita,RuleOfLawIndex,FemalePopPct,FertilityRate,FemalePctLegis
Afghanistan,AFG,0.165454681763912,56.2482314520951,1.00674629248273,578.985909020837,-1.6813577413559,49.4372087779621,5.002,NA
Albania,ALB,1.78273894754715,104.612262773723,1.16054478505068,4431.53918098494,-0.395619302988052,49.9060657702972,1.44,27.8571428571429
Algeria,DZA,3.9482902580223,17.6035123046545,5.46782435628871,4188.22175743517,-0.793038606643677,49.0481087762835,3.023,25.7575757575758
American Samoa,ASM,NA,242.12,NA,13049.3301536176,1.35571396350861,50.1610771518255,NA,NA
Andorra,AND,6.53220121227978,159.602127659574,NA,39319.9364136952,1.59881198406219,49.2487968752083,NA,32.1428571428571
Angola,AGO,0.766143022103473,25.085050934467,1.87177586619642,2677.17781589774,-0.986207544803619,50.6116146199408,5.519,30.4545454545455
Anguilla,AIA,NA,NA,NA,NA,-0.102874614298344,NA,NA,NA
Antigua and Barbuda,ATG,5.56610558644115,208.240909090909,NA,16967.0862296598,0.409626513719559,52.288651692751,1.371,11.1111111111111
Argentina,ARG,3.97577197057929,16.2585100979651,0.745498854953045,13105.397163317,-0.20049113035202001,50.494976808453,2.039,38.9105058365759
Armenia,ARM,2.01300380642694,99.6331928345627,4.11988615256896,4215.89945615491,-0.178264081478119,54.6988126803022,1.572,18.0952380952381
Aruba,ABW,NA,588.677777777778,NA,31705.2790531117,1.28950977325439,52.7877918499085,1.587,NA
Australia,AUS,15.5034862846486,3.24578498235834,1.8901120808278,58481.0344237649,1.70605432987213,50.3982108335605,1.74,28.6666666666667
Austria,AUT,7.13306391934265,107.131858943286,0.744738358890256,46154.6250956541,1.88632500171661,50.8195621679421,1.47,34.4262295081967
Azerbaijan,AZE,3.2928323542098,120.25759188908,3.56240123412697,5262.18380792188,-0.603016793727875,50.6684151977213,1.73,16.8
"Bahamas, The",BHS,6.96680306418984,40.1504495504496,NA,30705.6019729505,0.092260830104351,52.0644130717133,1.412,12.8205128205128
Bahrain,BHR,20.7148328330727,1906.84615384615,4.07429482993766,23023.1197800625,0.407098770141602,37.3382010838141,1.93,15
Bangladesh,BGD,0.50982391901986,1257.46299454559,1.26399978490041,1460.30501692162,-0.633198857307434,50.3222148379379,2.04,20.2857142857143
Barbados,BRB,4.43351166133956,650.437209302326,NA,17220.9310014747,0.389348745346069,52.1123537656246,1.619,20
Belarus,BLR,6.24550731507705,46.5010592176569,1.18226172889567,6165.90933024502,-0.876635789871216,53.789945804137,1.448,34.5454545454545
Belgium,BEL,8.19633858929077,377.379590488771,0.891399549680955,42382.3182763247,1.36835050582886,50.7100390921331,1.62,38
Belize,BLZ,1.64892975358087,16.7499342393687,1.24738793456678,5756.8522488581,-0.826132237911224,49.6529395444766,2.345,9.375
Benin,BEN,0.621404996371979,105.894670095779,0.6328575401476,1111.22724012241,-0.67640346288681,49.9632139970553,5.199,7.2289156626506
Bermuda,BMU,NA,1183.66666666667,NA,106697.737486296,0.869517803192139,51.5392238599361,1.3,NA
Bhutan,BTN,1.37777911485729,19.981541688516,NA,3065.85564992774,0.572509109973907,46.9057704016292,1.569,14.8936170212766
Bolivia,BOL,2.00139481991421,10.7143958275639,1.49690234223745,3219.20088567555,-1.19971323013306,49.7478440635122,2.73,53.0769230769231
Bosnia and Herzegovina,BIH,6.64680674805859,66.40876953125,0.852548557100982,5263.84826619226,-0.205262765288353,50.8772461280146,1.384,21.4285714285714
Botswana,BWA,2.98195851560451,4.32553244049195,2.67608892317505,6418.57188730836,0.408063143491745,50.6945189480825,2.903,9.52380952380952
Brazil,BRA,2.06498086163178,25.1451389902538,1.46967772350671,8553.87618653936,-0.283916890621185,50.8226083810694,1.749,15.009746588694
British Virgin Islands,VGB,NA,202.233333333333,NA,NA,NA,51.6004615131037,0.917,NA
Brunei Darussalam,BRN,17.3623103429011,82.4049335863378,2.63661248547429,29438.1006980189,0.623039245605469,48.1854773714291,1.848,9.09090909090909
Bulgaria,BGR,5.82203361005485,64.7110998526161,1.45156836676972,7859.6921556743,-0.0854209065437317,51.5093016005354,1.56,23.75
Burkina Faso,BFA,0.229003261422908,74.5348062865497,2.16504174626094,696.04456847617,-0.441425383090973,50.2225230048974,5.069,11.0236220472441
Burundi,BDI,0.060034078267717,447.565109034268,1.88216144691977,274.131914225904,-1.50297617912292,50.3752129904697,5.38,36.3636363636364
Cabo Verde,CPV,1.06792345668453,141.73746898263,0.542008419435312,3172.96045914695,0.41405662894249,50.2652301637599,1.964,23.6111111111111
Cambodia,KHM,0.909814875991614,90.7842624065262,2.22485237535631,1384.96802283394,-1.12038731575012,50.5093216088273,2.435,20
Cameroon,CMR,0.382426004161859,53.0489031329991,1.11159531025983,1445.26776644065,-1.08912920951843,50.148103340517,4.694,31.1111111111111
Canada,CAN,15.6505790424074,4.1341488959455,1.32468109445935,44917.4837282326,1.74711883068085,50.3426383952976,1.5,26.9461077844311
Cayman Islands,CYM,NA,270.35,NA,80600.6107453471,0.767832338809967,49.7164169903212,NA,NA
Central African Republic,CAF,0.0451442464978517,8.17807955311567,1.43304053959819,378.263076526306,-1.70668137073517,49.9633742772014,6.037,8.57142857142857
Chad,TCD,0.140346743425041,12.3921616899619,2.33946854618029,653.349759283291,-1.32060527801514,49.8090643486598,6.464,15.2542372881356
Chile,CHL,4.63119173167597,25.1521790588704,1.86392776997444,13906.7702234013,0.966234028339386,50.371227899441,1.564,22.5806451612903
China,CHN,7.48733189390915,148.838644027707,1.73953368321942,9619.19248413627,-0.167050629854202,48.8657345766764,1.554,24.8993288590604
Colombia,COL,1.59486288811298,44.4136647138351,3.06210551143266,6320.76208436838,-0.36504727602005,50.6238747150012,1.787,18.1286549707602
Comoros,COM,0.386442081893423,417.148307361634,NA,1383.37778922977,-1.1328649520874,49.827453617291,4.196,6.06060606060606
"Congo, Dem. Rep.",COD,0.0358260953677957,38.4143953596083,0.623912514687135,489.382354011428,-1.794961810112,50.3980285082719,6.302,8.94308943089431
"Congo, Rep.",COG,1.19278180824224,15.932831625183,2.50811727955521,1774.61390099667,-1.12190628051758,50.0724674705048,4.367,11.2582781456954
Cook Islands,,NA,NA,NA,NA,NA,NA,NA,NA
Costa Rica,CRI,1.6604724402357,98.7217783000392,NA,12470.95672073,0.490643620491028,49.8987250666272,1.709,45.6140350877193
Cote d'Ivoire,CIV,0.399702062320862,80.1697735849057,1.41343544765218,2210.32581478907,-0.587801456451416,49.4259156315599,4.611,10.5882352941176
Croatia,HRV,4.01923466854666,73.0441533843185,1.55249000456251,13531.2435029842,0.324368089437485,51.4447714629424,1.47,18.5430463576159
Cuba,CUB,2.35782342651453,109.135298651252,2.87620737245072,8048.01660977285,-0.447581321001053,50.2380068790891,1.631,53.2231404958678
Curacao,CUW,NA,358.864864864865,NA,18198.6642740608,NA,52.4285141997163,1.7,NA
Cyprus,CYP,5.90729954297613,131.908116883117,1.78048570866271,27241.0078125,0.746907651424408,49.9036371736525,1.32,17.8571428571429
Czech Republic,CZE,NA,NA,NA,NA,1.04760134220123,NA,NA,NA
Czechia,CZE,9.49206819894537,137.675534257221,1.0886700008226,19689.5827032979,NA,50.7762663446039,1.71,22
Denmark,DNK,5.71834355284233,144.8409,1.27753927185212,56563.4884729669,1.8058545589447,50.295143519172,1.73,37.4301675977654
Djibouti,DJI,0.378358648011502,45.6081967213115,NA,2714.35164845975,-0.937937498092651,50.300322172384,2.929,26.1538461538462
Dominica,DMA,2.4003501939785,94.4306666666667,NA,7586.64614100055,0.73574435710907,49.9414032164692,NA,25
Dominican Republic,DOM,2.35102192970717,222.842703374043,0.693991110098086,7894.95501697125,-0.347878307104111,49.6820546984631,2.381,26.8421052631579
Ecuador,ECU,2.35900171263576,68.5121275567724,2.35188715281228,5976.24534526558,-0.647669553756714,49.9893333627964,2.133,37.956204379562
"Egypt, Arab Rep.",EGY,2.38970672389112,104.214942990607,1.24996619642133,3634.83426919152,-0.284198880195618,49.4019944811473,3.098,14.9328859060403
El Salvador,SLV,1.08502690624245,302.912258687259,1.12802193173899,4009.71655494156,-0.915009915828705,52.3244909216228,1.849,30.952380952381
Equatorial Guinea,GNQ,4.28069925746085,53.5504812834225,1.07214133360045,7079.65050227129,-1.41450953483582,47.1199148387148,4.513,20
Eritrea,ERI,0.246707621245722,28.4558890829406,NA,NA,-1.61360585689545,50.7176289134358,4.056,22
Estonia,EST,11.5887036573437,30.9234385964912,2.00866586260145,19611.6109936281,1.23271918296814,52.8493784356971,1.67,26.7326732673267
Eswatini,SWZ,0.784193440890813,67.4667441860465,2.03576226988797,3695.94994187242,-0.257700890302658,50.5178261813744,2.962,7.2463768115942
Ethiopia,ETH,0.155134409760249,98.4699947600283,0.645190437768716,744.367594372728,-0.428049445152283,49.7136159367602,4.343,38.7568555758684
Faroe Islands,FRO,NA,36.5007163323782,NA,NA,NA,48.2700421940928,2.5,NA
Fiji,FJI,1.77367474421176,50.3008210180624,1.46760686131695,5708.99261980924,0.214772075414658,49.6978224061911,2.53,19.6078431372549
Finland,FIN,8.08263979060102,18.1479501184522,1.36221240755957,45627.9198947233,2.06910347938538,50.6623109110916,1.41,42
France,FRA,4.5720300891405,122.650880182337,1.84300872300244,38259.6977698474,1.42590153217316,51.6400917094124,1.87,39.5833333333333
French Guiana,,NA,NA,NA,NA,1.20255994796753,NA,NA,NA
French Polynesia,PYF,NA,85.7407087294728,NA,19419.5383697498,NA,49.2748802107484,1.789,NA
Gabon,GAB,2.33575358417704,8.50705165521791,1.54872276748932,6786.89032695312,-0.704611122608185,48.943345200665,3.679,NA
"Gambia, The",GMB,0.224956608701865,241.592490118577,0.702928017615916,645.938308722218,-0.438705801963806,50.3003375167081,4.972,10.3448275862069
Georgia,GEO,2.56805953573245,65.197330207495,1.89711315739272,4539.08752230476,0.293164283037186,52.9152180684326,2.114,16
Germany,DEU,8.53619609072659,237.294012250272,1.16783286716194,42928.7412368012,1.62248837947845,50.6677202189096,1.57,30.7475317348378
Ghana,GHA,0.605105682942437,135.671270985321,0.419660326452183,1899.82990284843,0.0699951499700546,50.1208024802595,3.731,12.7272727272727
Gibraltar,GIB,NA,3264.8,NA,NA,NA,50.0827003185494,1.879,NA
Greece,GRC,6.05801840018985,83.2651823118697,2.71645307270589,18647.4957207515,0.134332880377769,50.9793552708287,1.35,18.6666666666667
Greenland,GRL,NA,0.136491655500061,NA,47013.0349493846,1.72912883758545,47.2349859648496,2,NA
Grenada,GRD,2.62643832669153,358.347058823529,NA,9252.67605907521,0.280941128730774,49.8596496987804,2.063,46.6666666666667
Guam,GUM,NA,312.366666666667,NA,34472.95939787,1.35571396350861,49.4978598276005,2.671,NA
Guatemala,GTM,1.12069833790549,152.547125793206,0.390612897420441,4163.48446077382,-1.06165373325348,50.4714253429756,2.743,12.6582278481013
Guinea,GIN,0.298689018057065,51.094188507244,1.63681420468527,910.652647044683,-1.21812987327576,50.7390283160375,4.669,21.9298245614035
Guinea-Bissau,GNB,0.166237648593054,68.4550142247511,1.4853695283824,620.771028276283,-1.24779891967773,50.7109516845848,4.263,13.7254901960784
Guyana,GUY,3.29720401440243,3.9904191008382,1.593320008704,6127.70538051386,-0.364798247814178,50.8551088841192,2.462,31.8840579710145
Haiti,HTI,0.298753558536586,399.579862119013,0.150080164095032,1429.23135334836,-1.04617559909821,50.3856781356252,2.959,2.54237288135593
Honduras,HND,1.02625897371398,87.522119939226,1.60769447208664,2423.27329902983,-1.04389321804047,49.4648544601418,2.46,21.09375
"Hong Kong SAR, China",HKG,NA,7097.71428571429,NA,45280.2113679239,1.76201570034027,53.8012886358518,1.072,NA
Hungary,HUN,4.74652935890747,107.117729563883,1.1166413873556,14377.421963001,0.578445971012115,52.1906010397737,1.55,12.5628140703518
Iceland,ISL,4.81967347473986,3.49817514628583,NA,57697.5982793803,1.71049690246582,48.9086149155962,1.71,38.0952380952381
India,IND,1.7910328783681,460.44931739983,2.43392206663758,1891.13794439121,0.0201650634407997,48.3456886553348,2.177,11.8081180811808
Indonesia,IDN,2.16047032927399,142.244548790185,0.718949726860769,3741.30527715913,-0.294692069292068,49.6243417982067,2.234,19.8214285714286
"Iran, Islamic Rep.",IRN,7.44508460397157,52.7689134052388,2.45625050479328,5211.11164308815,-0.696153163909912,49.3866071542658,1.968,5.88235294117647
Iraq,IRQ,4.01939345457171,93.4993826705488,2.85159946518623,4710.97628188563,-1.79168701171875,50.0149763369442,3.659,25.2279635258359
Ireland,IRL,7.73732378325387,70.6534475250399,0.286862381839764,72339.4218486536,1.44185018539429,50.4745158089543,1.75,22.1518987341772
Isle of Man,IMN,NA,146.973684210526,NA,96792.4241398358,NA,50.4529991047449,1.621,NA
Israel,ISR,6.87621041012459,410.480591497227,5.32595576800145,38744.1604404811,0.986686706542969,50.2188439331103,3.09,27.5
Italy,ITA,5.37687092998968,204.322225904409,1.35929093471843,31593.4802621599,0.263521939516068,51.3272188976062,1.29,35.7142857142857
Jamaica,JAM,3.06205721768071,259.633887349954,1.34909410742407,5264.19609212041,-0.197781533002853,50.3522077220036,1.388,17.4603174603175
Japan,JPN,8.80168143468674,347.903978052126,0.963259651025478,36117.2276899342,1.52538549900055,51.3682706829638,1.42,10.1075268817204
"Jersey, Channel Islands",,NA,NA,NA,NA,1.72912883758545,NA,NA,NA
Jordan,JOR,2.36905549800552,117.817808064879,4.63577193790349,3929.68714237256,0.2539322078228,48.0340138233142,2.973,15.3846153846154
Kazakhstan,KAZ,11.8513158956408,6.76980849724043,0.835625807119447,11053.3620631343,-0.485649406909943,52.0255609811988,2.84,27.1028037383178
Kenya,KEN,0.350126986017145,87.769800049197,1.26640880282782,1604.80216387121,-0.409445375204086,50.3840987174742,3.58,21.7765042979943
Kiribati,KIR,0.736130111615959,150.93950617284,NA,1455.72716554594,0.613248527050018,51.3818797490614,3.41,6.52173913043478
"Korea, Dem. People's Rep.",PRK,1.97089106469024,212.923752180051,NA,NA,-1.63448762893677,50.7181388172758,1.845,16.3027656477438
"Korea, Rep.",KOR,12.2252458192145,528.969011484824,2.49684357635785,31053.6379289101,1.22865390777588,49.9815623615194,0.977,17
Kuwait,KWT,21.1688865289878,242.266273849607,5.09995314880082,26660.379734502,0.205699980258942,38.4821359288518,2.165,3.07692307692308
Kyrgyz Republic,KGZ,1.77927500474473,32.9655891553702,1.57112217458223,1197.6107237282,-0.91613906621933,50.9107745584715,3.3,19.1666666666667
Lao PDR,LAO,2.72483944564601,30.7842547660312,NA,2467.95576150974,-0.850723505020142,49.5769039463162,2.619,27.5167785234899
Latvia,LVA,4.04218817909178,30.9700612274415,2.0622774151559,15558.6917797211,0.949865221977234,53.9336546757386,1.6,31
Lebanon,LBN,4.66992988980668,581.704692082111,4.95276149396637,8441.19497452574,-0.766756296157837,51.0713195231798,2.148,4.6875
Lesotho,LSO,0.332117549169768,72.3984519104084,1.7886028744585,1078.15789785424,-0.349721282720566,50.6870056055072,3.139,22.1311475409836
Liberia,LBR,0.231112626343778,50.7619497508306,0.938216027306212,673.411391957645,-0.984665095806122,50.2886146761427,4.336,12.3287671232877
Libya,LBY,8.74063109640657,3.68152642167839,NA,10595.3224636631,-1.68011999130249,49.2987040493576,2.581,15.9574468085106
Liechtenstein,LIE,3.66674525539001,238.63125,NA,NA,1.66891574859619,50.3391739346796,1.58,12
Lithuania,LTU,4.15842256161348,44.731646175954,1.96741914187761,16443.5852875776,0.950238943099976,53.3662618631716,1.63,21.2765957446809
Luxembourg,LUX,15.3302075743469,236.146609386046,0.52979702560685,106376.783565763,1.80139577388763,49.724055909316,1.38,20
"Macao SAR, China",MAC,NA,19786.9604863222,NA,80477.2782902736,1.00250041484833,52.8403618483205,1.104,NA
Madagascar,MDG,0.12478329720885,46.1439343416982,0.605686110902832,470.423903552325,-0.820710718631744,49.8537670085692,4.043,19.205298013245
Malawi,MWI,0.075131140329652,194.822687738651,0.847025846481545,386.060112194791,-0.389954030513763,51.4224039863494,4.14,16.6666666666667
Malaysia,MYS,7.54368836453478,98.6129082331456,0.960665250318955,10777.748251085,0.553363502025604,48.7725418266355,1.881,13.9013452914798
Maldives,MDV,4.28783175493319,1632.52666666667,NA,10342.9101362733,-0.538106262683868,42.223506303113,1.784,5.88235294117647
Mali,MLI,0.274401425632929,16.3370442308165,2.80694470654841,767.571592925254,-0.799025118350983,49.4916901513161,6.183,8.84353741496599
Malta,MLT,3.19831614286421,1514.46875,0.436480245070176,27864.2011519772,1.04658424854279,48.7072455277408,1.23,11.9402985074627
Marshall Islands,MHL,3.91397958539122,255.494444444444,NA,4373.87636173868,0.0169081669300795,48.8377655526322,NA,9.09090909090909
Martinique,,NA,NA,NA,NA,0.869517803192139,NA,NA,NA
Mauritania,MRT,0.864024560124977,4.14350635490443,2.11248208745744,1628.03720022383,-0.69299727678299,51.0947589067116,4.607,20.2614379084967
Mauritius,MUS,3.26404040331914,623.30197044335,0.162491818266823,10654.7904725398,0.735955834388733,50.5598738903844,1.41,11.5942028985507
Mexico,MEX,3.6493501909776,63.7947791867075,0.477494205142032,10120.3635433028,-0.626365125179291,51.0658223922244,1.996,48.2
"Micronesia, Fed. Sts.",FSM,1.53251180293827,158.47,NA,2962.23858125628,0.0662707611918449,49.6380567750543,2.84,0
Moldova,MDA,3.15454731760161,94.2543946689506,0.326375109622501,3261.7493401398,-0.418074727058411,52.4483606246919,1.809,22.7722772277228
Monaco,MCO,NA,18267.883571781,NA,178867.536655884,NA,51.00596829512,NA,33.3333333333333
Mongolia,MNG,6.81101786859081,2.03177450064376,0.730921185734901,4242.3001505544,-0.25923290848732,50.3053896171007,2.923,17.1052631578947
Montenegro,MNE,4.01782629169097,46.2622304832714,1.36929476410929,7381.77487961644,0.0244288668036461,51.2332628611698,1.76,23.4567901234568
Morocco,MAR,1.80808514913468,80.5008088729554,3.11858755477666,3296.21044921875,-0.22976653277874,49.6560727516025,2.415,20.5063291139241
Mozambique,MOZ,0.236202712955279,37.4168697067575,1.33533654635569,604.007174458011,-1.05359947681427,50.9687846041232,4.852,39.6
Myanmar,MMR,0.625450762738737,80.689465297993,2.30745700609346,1488.53051913825,-1.02646613121033,50.1684520875265,2.213,10.161662817552
Namibia,NAM,1.75833860657839,2.92203233368558,3.14065956263564,4714.46020396689,0.351872444152832,51.7035515945595,3.462,46.1538461538462
Nauru,NRU,5.03186838803216,596.2,NA,7515.93478852809,-0.693394720554352,49.0523314324052,NA,10.5263157894737
Nepal,NPL,0.532856948931301,198.860913847227,1.53923402794861,1006.60666420222,-0.475378602743149,52.452699560721,2.104,32.7272727272727
Netherlands,NLD,8.78385000800575,511.779744579745,1.2166741818661,47826.8191172843,1.77730238437653,50.3495363484596,1.59,36
New Caledonia,NCL,NA,14.8342450765864,NA,NA,NA,49.9985959000281,2.076,NA
New Zealand,NZL,6.60327319315015,18.6115225399719,1.20997891499675,40365.1957031236,1.86662292480469,50.737435326378296,1.71,38.3333333333333
Nicaragua,NIC,0.77751353817103,54.6138690377264,0.622743176013952,2052.13338335777,-1.06616258621216,50.7159590963984,2.404,45.6521739130435
Niger,NER,0.0863708658445985,17.8235241177864,2.47194055775459,510.573129261318,-0.588809728622437,49.2895531384116,7.023,16.9590643274854
Nigeria,NGA,0.553915600821771,217.824064253324,0.506944514455417,2512.0809827586,-0.903242588043213,49.5103991442047,5.447,5.55555555555556
Niue,,NA,NA,NA,NA,NA,NA,NA,NA
North Macedonia,MKD,3.51601021990228,82.3242268041237,0.943108732670231,5184.69447115249,-0.287450104951859,50.1089902914183,1.42,38.3333333333333
Northern Mariana Islands,MNP,NA,109.35652173913,NA,23220.9981494333,NA,46.5191634860051,NA,NA
Norway,NOR,7.07654265477615,14.5488896436123,1.72624440755227,75953.5819514803,1.95571148395538,49.6088526293597,1.56,41.4201183431953
Oman,OMN,16.4306496114175,14.8664200323102,9.5429582801597,18256.6531453301,0.459107875823975,35.4212864286092,2.883,1.17647058823529
Pakistan,PAK,0.852449537094291,285.039797374429,4.12913136448543,1440.42539473925,-0.666854441165924,49.2843157898191,3.685,20.2346041055718
Palau,PLW,13.9946260635916,38.8347826086957,NA,15062.9567623759,0.301245808601379,47.4473802060009,NA,12.5
Panama,PAN,2.41521837669403,56.1506470746832,NA,14922.1299997158,-0.139169290661812,49.9379029615234,2.441,18.3098591549296
Papua New Guinea,PNG,0.810356521797523,20.6006867464559,0.376216770473365,2536.09418094851,-0.747538387775421,48.2232665150071,3.382,0
Paraguay,PRY,1.31453811865992,16.2177900830607,0.961156152749535,6338.51367820775,-0.586157023906708,49.750718883161,2.561,15
Peru,PER,1.69513399205352,25.15933125,1.17498635616252,6530.50297708457,-0.55007141828537,50.4348256226008,2.26,27.6923076923077
Philippines,PHL,1.27633317653161,364.117235134319,0.819584673820235,3439.10354644511,-0.547303199768066,49.2745597825144,2.831,29.4520547945205
Poland,POL,8.21361572260802,124.031583760656,2.04957212987643,14408.384388723,0.399455517530441,51.6111682899222,1.46,28.0434782608696
Portugal,PRT,4.81338552923222,112.261935951514,1.7647076827445,21057.6174784232,1.13509297370911,52.7442082404626,1.42,34.7826086956522
Puerto Rico,PRI,NA,360.017361894025,NA,29687.2064763276,0.580752432346344,52.5148458892606,1.035,NA
Qatar,QAT,31.2354063093011,240.794778067885,NA,60080.696551117,0.72817021608352706,25.7392837470344,1.848,9.75609756097561
Reunion,,NA,NA,NA,NA,1.11261582374573,NA,NA,NA
Romania,ROU,3.86105156993701,84.6399947844228,1.80524172597542,10778.3595556176,0.390408784151077,51.5804351993899,1.76,20.6686930091185
Russian Federation,RUS,11.4965712497165,8.82206789209416,3.69251875943369,9739.900390625,-0.817522346973419,53.567616680088904,1.579,15.7777777777778
Rwanda,RWA,0.102938056651764,507.977624645318,1.25174035173425,815.234930662625,0.130419939756393,51.221571540196,3.994,61.25
Samoa,WSM,1.38292135781589,75.4320143884892,NA,4277.39142169562,0.946966409683228,48.928235916853,4.109,10
San Marino,SMR,NA,569.266666666667,NA,43277.3296749396,NA,51.3233399695515,NA,26.6666666666667
Sao Tome and Principe,STP,0.662427135835633,220.15,NA,1665.39571641412,-0.698014080524445,50.0780717692482,4.044,14.5454545454545
Saudi Arabia,SAU,14.8854312069014,16.2898524903591,9.48635565893277,19329.0706279164,0.136871203780174,41.9286716399187,2.546,19.8675496688742
Senegal,SEN,0.653615395452763,80.896011011271,1.65824007839249,1384.64206999598,-0.205593451857567,50.884117525181,4.584,41.8181818181818
Serbia,SRB,6.60641804520422,79.8376857992225,1.61493759611063,6261.52713908381,-0.150462105870247,52.043189650325,1.49,34.4
Seychelles,SYC,5.99408841601764,210.352173913043,1.38004626804357,16628.1304254762,0.306288748979568,47.4709265671526,2.41,21.2121212121212
Sierra Leone,SLE,0.109396930895247,108.912177888612,0.751992568713766,613.549461680858,-0.782499313354492,49.9198285877327,4.294,12.3287671232877
Singapore,SGP,8.40622896684947,7897.30532212885,2.83550081526403,61373.6484785038,1.83530700206757,47.7311091149648,1.14,23
Sint Maarten (Dutch part),SXM,NA,1202.79411764706,NA,27093.797137995,NA,47.0671779576765,NA,NA
Slovak Republic,SVK,6.05863547411852,113.285586522463,1.22777555717137,17818.2341072167,0.496163189411163,51.1872870861404,1.54,20
Slovenia,SVN,6.78433887885504,102.992292564709,0.978114789415905,23483.529124564,1.0511029958725,50.0411220917754,1.6,24.4444444444444
Solomon Islands,SLB,0.546075935352371,23.553018935334,NA,2217.81419640139,-0.176912307739258,48.873794271967,4.157,2.04081632653061
Somalia,SOM,0.0428262929436446,24.5657761341537,NA,413.503861987947,-2.29345321655273,49.8728578256677,6.632,24.3636363636364
South Africa,ZAF,7.57503960573722,47.2674203892539,0.984961398491524,6250.99754451043,-0.202013462781906,51.4779802836206,2.418,42.7480916030534
South Sudan,SSD,0.14910542536136,16.4501273875271,3.64989257499063,NA,-1.97519254684448,50.562189998989,4.696,28.4595300261097
Spain,ESP,5.49257147137707,93.6697920792501,1.2549592398644,27739.8647682529,1.00568616390228,50.9676933747048,1.26,39.1428571428571
Sri Lanka,LKA,1.00092295957811,350.284495021337,1.84297753096693,4495.71089310179,0.0201496928930283,51.7442382572214,2.031,5.77777777777778
St. Kitts and Nevis,KNA,5.23439626473483,183.696153846154,NA,21254.6557957777,0.554267942905426,51.3913025271665,NA,13.3333333333333
St. Lucia,LCA,2.9794026094496,291.619672131148,NA,11211.596237978,0.660784065723419,50.3535932721712,1.436,16.6666666666667
St. Martin (French part),MAF,NA,677.04,NA,NA,NA,52.4400330851944,2.517,NA
St. Vincent and the Grenadines,VCT,2.37459750572278,269.951282051282,NA,8152.37803656695,0.468614161014557,48.8454706927176,1.873,13.0434782608696
Sudan,SDN,0.496677809146905,22.4834362955032,1.78345741926471,2051.990234375,-1.12386417388916,50.0150658137364,4.681,30.5164319248826
Suriname,SUR,3.72232474865376,3.80586538461538,NA,8750.91906668785,-0.0682555884122849,50.086994601787,2.418,25.4901960784314
Sweden,SWE,3.53899174224082,24.9814588688378,1.03224609210767,52983.0068617482,1.81655418872833,49.7652401061256,1.76,46.1318051575931
Switzerland,CHE,4.4019909898051,215.465192227053,0.644026518911441,86756.6021294513,1.92139852046967,50.4146253291763,1.52,32.5
Syrian Arab Republic,SYR,1.41671460460283,105.284882644448,NA,802.505062685495,-2.04664945602417,49.8415777866593,2.886,13.2
"Taiwan, China",TWN,NA,NA,NA,NA,1.1047295331955,NA,NA,NA
Tajikistan,TJK,0.950906527773238,65.7693781972765,1.08230201615246,1116.27979627083,-1.29300355911255,49.7145089488189,3.294,19.047619047619
Tanzania,TZA,0.206574427397636,65.5796376157146,1.05523659705002,1011.08264160156,-0.556250810623169,50.6298617829442,4.923,37.1794871794872
Thailand,THA,3.61391721050187,139.223320088473,1.35757399741359,6336.24282262982,0.0168722346425056,51.2548285971216,1.378,5.28455284552846
Timor-Leste,TLS,0.483419131751614,84.8584398117014,0.762205692726996,1257.64680737461,-1.12292158603668,49.0014225201986,3.452,33.8461538461538
Togo,TGO,0.287074946419453,147.944088986946,1.96333243100018,600.785119470887,-0.602520525455475,49.7632377282603,4.442,17.5824175824176
Tonga,TON,1.52163572442911,146.041666666667,NA,4587.31319232051,0.442843079566956,50.3861150737042,3.349,7.40740740740741
Trinidad and Tobago,TTO,11.816238679137,293.31559454191,0.687787710419977,15716.9074857674,-0.149154514074326,50.5881203608139,1.651,30.952380952381
Tunisia,TUN,2.50480991305137,76.8089662718847,2.11338486121235,4069.11352412974,0.0744369924068451,50.4761359656772,2.174,31.3364055299539
Turkiye,TUR,4.97202598135987,107.596252744825,2.52369540945235,11938.7828744092,-0.37299633026123,49.8392849673027,2.054,17.4496644295302
Turkmenistan,TKM,12.0443871594733,12.9063179622497,NA,7089.94180488049,-1.45279705524445,50.4772577907644,2.786,24.8
Turks and Caicos Islands,TCA,NA,43.6705263157895,NA,25080.1644890531,NA,49.4974329307976,1.723,NA
Tuvalu,TUV,0.920386541783947,362.166666666667,NA,3707.72734455159,0.655038714408875,48.3387022549471,3.209,6.66666666666667
Uganda,UGA,0.141152460033547,207.038674446439,1.22563154674203,896.16253506792,-0.305410146713257,50.5698837744408,4.932,34.2984409799555
Ukraine,UKR,4.15978307448244,77.015046599931,3.19235326531891,2336.97631835938,-0.743864178657532,53.6631464104379,1.301,12.2931442080378
United Arab Emirates,ARE,19.3781969586326,128.698521543227,NA,43644.1470438183,0.799744963645935,29.7788585747156,1.356,22.5
United Kingdom,GBR,5.42774817696291,274.708981936924,1.91954919793228,47006.1429267683,1.63326072692871,50.6498510461511,1.68,32.1538461538462
United States,USA,15.2225476514566,35.7300964643583,3.31115856059771,59607.3936602496,1.50574564933777,50.4611604532338,1.7295,23.5023041474654
Uruguay,URY,1.90835127257064,19.5808593303622,2.13394863623092,16142.0486948682,0.595441699028015,51.6253667156691,1.658,20.2020202020202
Uzbekistan,UZB,3.41272180933736,74.8004366901429,3.5554825523167,3047.30838365675,-1.08615827560425,49.9766807430704,2.604,16
Vanuatu,VUT,0.706361944727139,24.388679245283,NA,2815.58629128556,0.421642750501633,49.6750734952808,3.855,0
"Venezuela, RB",VEN,4.43007919668391,33.8140162122329,0.150853892569221,NA,-2.26115584373474,50.3644195149726,2.272,22.1556886227545
Vietnam,VNM,3.00902936472834,302.825616008729,2.28456986005062,3090.77224054251,-0.0134946266189218,50.6330940754678,1.937,26.7206477732794
Virgin Islands (U.S.),VIR,NA,305.717142857143,NA,35183.2357524821,1.11261582374573,52.814087702856,2.06,NA
West Bank and Gaza,PSE,NA,758.984551495017,NA,3417.79440837962,-0.486841976642609,50.1886257693453,3.712,NA
"Yemen, Rep.",YEM,0.315681660355214,58.3186790916151,NA,1194.82073154654,-1.79778528213501,49.4033860364717,4.043,0
Zambia,ZMB,0.4333957385298,23.9926458521099,1.4094623913248,1331.44924435525,-0.339549124240875,50.69091298092,4.536,17.9640718562874
Zimbabwe,ZWE,0.822472015651742,38.9096135453018,0.309322838188878,1462.59027964238,-1.27899479866028,52.9237551175298,3.659,31.4814814814815
